[
{
    "model": "sessions.session",
    "pk": "9w8pwb1kkumibuniwottn1zqhzgekuxw",
    "fields": {
        "session_data": ".eJxVjMsOwiAQRf-FtSHA8BCX7vsNZGBAqgaS0q6M_65NutDtPefcFwu4rTVsIy9hJnZhkp1-t4jpkdsO6I7t1nnqbV3myHeFH3TwqVN-Xg_376DiqN_aCkAsgN7Ks05kVTTexgIlRZDKknEmWUAjkETRykkHKTrQQmsPThb2_gDbfjc0:1ljIG6:IvQnsFEKlgWmqmyM5m1SZz7v8pAahODqiLctZj13BAA",
        "expire_date": "2021-06-02T09:12:54.281Z"
    }
},
{
    "model": "music.musictrackwithnumber",
    "pk": 1,
    "fields": {
        "number": 1,
        "track_ptr": 1,
        "collection": 1
    }
},
{
    "model": "music.musictrackwithnumber",
    "pk": 2,
    "fields": {
        "number": 2,
        "track_ptr": 2,
        "collection": 1
    }
},
{
    "model": "music.musictrackwithnumber",
    "pk": 3,
    "fields": {
        "number": 3,
        "track_ptr": 3,
        "collection": 1
    }
},
{
    "model": "music.musictrackwithnumber",
    "pk": 4,
    "fields": {
        "number": 4,
        "track_ptr": 4,
        "collection": 1
    }
},
{
    "model": "music.musictrackwithnumber",
    "pk": 5,
    "fields": {
        "number": 5,
        "track_ptr": 5,
        "collection": 1
    }
},
{
    "model": "music.musictrackwithnumber",
    "pk": 6,
    "fields": {
        "number": 6,
        "track_ptr": 6,
        "collection": 1
    }
},
{
    "model": "music.musictrackwithnumber",
    "pk": 7,
    "fields": {
        "number": 7,
        "track_ptr": 7,
        "collection": 1
    }
},
{
    "model": "music.musictrackwithnumber",
    "pk": 8,
    "fields": {
        "number": 8,
        "track_ptr": 8,
        "collection": 1
    }
},
{
    "model": "music.musictrackwithnumber",
    "pk": 9,
    "fields": {
        "number": 9,
        "track_ptr": 9,
        "collection": 1
    }
},
{
    "model": "music.musictrackwithnumber",
    "pk": 10,
    "fields": {
        "number": 10,
        "track_ptr": 10,
        "collection": 1
    }
},
{
    "model": "music.musictrackwithnumber",
    "pk": 11,
    "fields": {
        "number": 11,
        "track_ptr": 11,
        "collection": 1
    }
},
{
    "model": "music.musictrackwithnumber",
    "pk": 12,
    "fields": {
        "number": 12,
        "track_ptr": 12,
        "collection": 1
    }
},
{
    "model": "music.musictrackwithnumber",
    "pk": 13,
    "fields": {
        "number": 13,
        "track_ptr": 13,
        "collection": 1
    }
},
{
    "model": "music.musictrackwithnumber",
    "pk": 14,
    "fields": {
        "number": 14,
        "track_ptr": 14,
        "collection": 1
    }
},
{
    "model": "music.musictrackwithnumber",
    "pk": 15,
    "fields": {
        "number": 15,
        "track_ptr": 15,
        "collection": 1
    }
},
{
    "model": "music.musictrackwithnumber",
    "pk": 16,
    "fields": {
        "number": 16,
        "track_ptr": 16,
        "collection": 1
    }
},
{
    "model": "music.musictrackwithnumber",
    "pk": 17,
    "fields": {
        "number": 17,
        "track_ptr": 17,
        "collection": 1
    }
},
{
    "model": "music.musictrackwithnumber",
    "pk": 18,
    "fields": {
        "number": 18,
        "track_ptr": 18,
        "collection": 1
    }
},
{
    "model": "music.musictrackwithnumber",
    "pk": 19,
    "fields": {
        "number": 19,
        "track_ptr": 19,
        "collection": 1
    }
},
{
    "model": "music.musictrackwithnumber",
    "pk": 20,
    "fields": {
        "number": 20,
        "track_ptr": 20,
        "collection": 1
    }
},
{
    "model": "music.musictrackwithnumber",
    "pk": 21,
    "fields": {
        "number": 21,
        "track_ptr": 21,
        "collection": 1
    }
},
{
    "model": "music.musictrackwithnumber",
    "pk": 22,
    "fields": {
        "number": 22,
        "track_ptr": 22,
        "collection": 1
    }
},
{
    "model": "music.musictrackwithnumber",
    "pk": 23,
    "fields": {
        "number": 23,
        "track_ptr": 23,
        "collection": 1
    }
},
{
    "model": "music.musictrackwithnumber",
    "pk": 24,
    "fields": {
        "number": 24,
        "track_ptr": 24,
        "collection": 1
    }
},
{
    "model": "music.musictrackwithnumber",
    "pk": 25,
    "fields": {
        "number": 25,
        "track_ptr": 25,
        "collection": 1
    }
},
{
    "model": "music.musictrackwithnumber",
    "pk": 26,
    "fields": {
        "number": 26,
        "track_ptr": 26,
        "collection": 1
    }
},
{
    "model": "music.musictrackwithnumber",
    "pk": 27,
    "fields": {
        "number": 27,
        "track_ptr": 27,
        "collection": 1
    }
},
{
    "model": "music.musictrackwithnumber",
    "pk": 28,
    "fields": {
        "number": 28,
        "track_ptr": 28,
        "collection": 1
    }
},
{
    "model": "music.musictrackwithnumber",
    "pk": 29,
    "fields": {
        "number": 29,
        "track_ptr": 29,
        "collection": 1
    }
},
{
    "model": "music.musictrackwithnumber",
    "pk": 30,
    "fields": {
        "number": 30,
        "track_ptr": 30,
        "collection": 1
    }
},
{
    "model": "music.musictrackwithnumber",
    "pk": 31,
    "fields": {
        "number": 31,
        "track_ptr": 31,
        "collection": 1
    }
},
{
    "model": "music.musictrackwithnumber",
    "pk": 32,
    "fields": {
        "number": 32,
        "track_ptr": 32,
        "collection": 1
    }
},
{
    "model": "music.musictrackwithnumber",
    "pk": 33,
    "fields": {
        "number": 33,
        "track_ptr": 33,
        "collection": 1
    }
},
{
    "model": "music.musictrackwithnumber",
    "pk": 34,
    "fields": {
        "number": 34,
        "track_ptr": 34,
        "collection": 1
    }
},
{
    "model": "music.musictrackwithnumber",
    "pk": 35,
    "fields": {
        "number": 35,
        "track_ptr": 35,
        "collection": 1
    }
},
{
    "model": "music.musictrackwithnumber",
    "pk": 36,
    "fields": {
        "number": 36,
        "track_ptr": 36,
        "collection": 1
    }
},
{
    "model": "music.musictrackwithnumber",
    "pk": 37,
    "fields": {
        "number": 37,
        "track_ptr": 37,
        "collection": 1
    }
},
{
    "model": "music.musictrackwithnumber",
    "pk": 38,
    "fields": {
        "number": 38,
        "track_ptr": 38,
        "collection": 1
    }
},
{
    "model": "music.musictrackwithnumber",
    "pk": 39,
    "fields": {
        "number": 39,
        "track_ptr": 39,
        "collection": 1
    }
},
{
    "model": "music.musictrackwithnumber",
    "pk": 40,
    "fields": {
        "number": 40,
        "track_ptr": 40,
        "collection": 1
    }
},
{
    "model": "music.musictrackwithnumber",
    "pk": 41,
    "fields": {
        "number": 41,
        "track_ptr": 41,
        "collection": 1
    }
},
{
    "model": "music.musictrackwithnumber",
    "pk": 42,
    "fields": {
        "number": 42,
        "track_ptr": 42,
        "collection": 1
    }
},
{
    "model": "music.musictrackwithnumber",
    "pk": 43,
    "fields": {
        "number": 43,
        "track_ptr": 43,
        "collection": 1
    }
},
{
    "model": "music.musictrackwithnumber",
    "pk": 44,
    "fields": {
        "number": 44,
        "track_ptr": 44,
        "collection": 1
    }
},
{
    "model": "music.musictrackwithnumber",
    "pk": 45,
    "fields": {
        "number": 45,
        "track_ptr": 45,
        "collection": 1
    }
},
{
    "model": "music.musictrackwithnumber",
    "pk": 46,
    "fields": {
        "number": 46,
        "track_ptr": 46,
        "collection": 1
    }
},
{
    "model": "music.musictrackwithnumber",
    "pk": 47,
    "fields": {
        "number": 47,
        "track_ptr": 47,
        "collection": 1
    }
},
{
    "model": "music.musictrackwithnumber",
    "pk": 48,
    "fields": {
        "number": 48,
        "track_ptr": 48,
        "collection": 1
    }
},
{
    "model": "music.musictrackwithnumber",
    "pk": 49,
    "fields": {
        "number": 49,
        "track_ptr": 49,
        "collection": 1
    }
},
{
    "model": "music.musictrackwithnumber",
    "pk": 50,
    "fields": {
        "number": 50,
        "track_ptr": 50,
        "collection": 1
    }
},
{
    "model": "music.musictrackwithnumber",
    "pk": 51,
    "fields": {
        "number": 51,
        "track_ptr": 51,
        "collection": 1
    }
},
{
    "model": "music.musictrackwithnumber",
    "pk": 52,
    "fields": {
        "number": 52,
        "track_ptr": 52,
        "collection": 1
    }
},
{
    "model": "music.musictrackwithnumber",
    "pk": 53,
    "fields": {
        "number": 53,
        "track_ptr": 53,
        "collection": 1
    }
},
{
    "model": "music.musictrackwithnumber",
    "pk": 54,
    "fields": {
        "number": 54,
        "track_ptr": 54,
        "collection": 1
    }
},
{
    "model": "music.musictrackwithnumber",
    "pk": 55,
    "fields": {
        "number": 55,
        "track_ptr": 55,
        "collection": 1
    }
},
{
    "model": "music.musictrackwithnumber",
    "pk": 56,
    "fields": {
        "number": 56,
        "track_ptr": 56,
        "collection": 1
    }
},
{
    "model": "music.musictrackwithnumber",
    "pk": 57,
    "fields": {
        "number": 57,
        "track_ptr": 57,
        "collection": 1
    }
},
{
    "model": "music.musictrackwithnumber",
    "pk": 58,
    "fields": {
        "number": 58,
        "track_ptr": 58,
        "collection": 1
    }
},
{
    "model": "music.musictrackwithnumber",
    "pk": 59,
    "fields": {
        "number": 59,
        "track_ptr": 59,
        "collection": 1
    }
},
{
    "model": "music.musictrackwithnumber",
    "pk": 60,
    "fields": {
        "number": 60,
        "track_ptr": 60,
        "collection": 1
    }
},
{
    "model": "music.musictrackwithnumber",
    "pk": 61,
    "fields": {
        "number": 61,
        "track_ptr": 61,
        "collection": 1
    }
},
{
    "model": "music.musictrackwithnumber",
    "pk": 62,
    "fields": {
        "number": 62,
        "track_ptr": 62,
        "collection": 1
    }
},
{
    "model": "music.musictrackwithnumber",
    "pk": 63,
    "fields": {
        "number": 63,
        "track_ptr": 63,
        "collection": 1
    }
},
{
    "model": "music.musictrackwithnumber",
    "pk": 64,
    "fields": {
        "number": 64,
        "track_ptr": 64,
        "collection": 1
    }
},
{
    "model": "music.musictrackwithnumber",
    "pk": 65,
    "fields": {
        "number": 65,
        "track_ptr": 65,
        "collection": 1
    }
},
{
    "model": "music.musictrackwithnumber",
    "pk": 66,
    "fields": {
        "number": 66,
        "track_ptr": 66,
        "collection": 1
    }
},
{
    "model": "music.musictrackwithnumber",
    "pk": 67,
    "fields": {
        "number": 1,
        "track_ptr": 67,
        "collection": 2
    }
},
{
    "model": "music.musictrackwithnumber",
    "pk": 68,
    "fields": {
        "number": 2,
        "track_ptr": 68,
        "collection": 2
    }
},
{
    "model": "music.musictrackwithnumber",
    "pk": 69,
    "fields": {
        "number": 3,
        "track_ptr": 69,
        "collection": 2
    }
},
{
    "model": "music.musictrackwithnumber",
    "pk": 70,
    "fields": {
        "number": 4,
        "track_ptr": 70,
        "collection": 2
    }
},
{
    "model": "music.musictrackwithnumber",
    "pk": 71,
    "fields": {
        "number": 5,
        "track_ptr": 71,
        "collection": 2
    }
},
{
    "model": "music.musictrackwithnumber",
    "pk": 72,
    "fields": {
        "number": 6,
        "track_ptr": 72,
        "collection": 2
    }
},
{
    "model": "music.musictrackwithnumber",
    "pk": 73,
    "fields": {
        "number": 7,
        "track_ptr": 73,
        "collection": 2
    }
},
{
    "model": "music.musictrackwithnumber",
    "pk": 74,
    "fields": {
        "number": 8,
        "track_ptr": 74,
        "collection": 2
    }
},
{
    "model": "music.musictrackwithnumber",
    "pk": 75,
    "fields": {
        "number": 9,
        "track_ptr": 75,
        "collection": 2
    }
},
{
    "model": "music.musictrackwithnumber",
    "pk": 76,
    "fields": {
        "number": 10,
        "track_ptr": 76,
        "collection": 2
    }
},
{
    "model": "music.musictrackwithnumber",
    "pk": 77,
    "fields": {
        "number": 11,
        "track_ptr": 77,
        "collection": 2
    }
},
{
    "model": "music.musictrackwithnumber",
    "pk": 78,
    "fields": {
        "number": 12,
        "track_ptr": 78,
        "collection": 2
    }
},
{
    "model": "music.musictrackwithnumber",
    "pk": 79,
    "fields": {
        "number": 13,
        "track_ptr": 79,
        "collection": 2
    }
},
{
    "model": "music.musictrackwithnumber",
    "pk": 80,
    "fields": {
        "number": 14,
        "track_ptr": 80,
        "collection": 2
    }
},
{
    "model": "music.musictrackwithnumber",
    "pk": 81,
    "fields": {
        "number": 15,
        "track_ptr": 81,
        "collection": 2
    }
},
{
    "model": "music.musictrackwithnumber",
    "pk": 82,
    "fields": {
        "number": 16,
        "track_ptr": 82,
        "collection": 2
    }
},
{
    "model": "music.musictrackwithnumber",
    "pk": 83,
    "fields": {
        "number": 17,
        "track_ptr": 83,
        "collection": 2
    }
},
{
    "model": "music.musictrackwithnumber",
    "pk": 84,
    "fields": {
        "number": 18,
        "track_ptr": 84,
        "collection": 2
    }
},
{
    "model": "music.musictrackwithnumber",
    "pk": 85,
    "fields": {
        "number": 19,
        "track_ptr": 85,
        "collection": 2
    }
},
{
    "model": "music.musictrackwithnumber",
    "pk": 86,
    "fields": {
        "number": 20,
        "track_ptr": 86,
        "collection": 2
    }
},
{
    "model": "music.musictrackwithnumber",
    "pk": 87,
    "fields": {
        "number": 21,
        "track_ptr": 87,
        "collection": 2
    }
},
{
    "model": "music.musictrackwithnumber",
    "pk": 88,
    "fields": {
        "number": 22,
        "track_ptr": 88,
        "collection": 2
    }
},
{
    "model": "music.musictrackwithnumber",
    "pk": 89,
    "fields": {
        "number": 23,
        "track_ptr": 89,
        "collection": 2
    }
},
{
    "model": "music.musictrackwithnumber",
    "pk": 90,
    "fields": {
        "number": 24,
        "track_ptr": 90,
        "collection": 2
    }
},
{
    "model": "music.musictrackwithnumber",
    "pk": 91,
    "fields": {
        "number": 25,
        "track_ptr": 91,
        "collection": 2
    }
},
{
    "model": "music.musictrackwithnumber",
    "pk": 92,
    "fields": {
        "number": 26,
        "track_ptr": 92,
        "collection": 2
    }
},
{
    "model": "music.musictrackwithnumber",
    "pk": 93,
    "fields": {
        "number": 27,
        "track_ptr": 93,
        "collection": 2
    }
},
{
    "model": "music.musictrackwithnumber",
    "pk": 94,
    "fields": {
        "number": 1,
        "track_ptr": 94,
        "collection": 3
    }
},
{
    "model": "music.musictrackwithnumber",
    "pk": 95,
    "fields": {
        "number": 2,
        "track_ptr": 95,
        "collection": 3
    }
},
{
    "model": "music.musictrackwithnumber",
    "pk": 96,
    "fields": {
        "number": 3,
        "track_ptr": 96,
        "collection": 3
    }
},
{
    "model": "music.musictrackwithnumber",
    "pk": 97,
    "fields": {
        "number": 4,
        "track_ptr": 97,
        "collection": 3
    }
},
{
    "model": "music.musictrackwithnumber",
    "pk": 98,
    "fields": {
        "number": 5,
        "track_ptr": 98,
        "collection": 3
    }
},
{
    "model": "music.musictrackwithnumber",
    "pk": 99,
    "fields": {
        "number": 6,
        "track_ptr": 99,
        "collection": 3
    }
},
{
    "model": "music.musictrackwithnumber",
    "pk": 100,
    "fields": {
        "number": 7,
        "track_ptr": 100,
        "collection": 3
    }
},
{
    "model": "music.musictrackwithnumber",
    "pk": 101,
    "fields": {
        "number": 8,
        "track_ptr": 101,
        "collection": 3
    }
},
{
    "model": "music.musictrackwithnumber",
    "pk": 102,
    "fields": {
        "number": 9,
        "track_ptr": 102,
        "collection": 3
    }
},
{
    "model": "music.musictrackwithnumber",
    "pk": 103,
    "fields": {
        "number": 10,
        "track_ptr": 103,
        "collection": 3
    }
},
{
    "model": "music.musictrackwithnumber",
    "pk": 104,
    "fields": {
        "number": 11,
        "track_ptr": 104,
        "collection": 3
    }
},
{
    "model": "music.musictrackwithnumber",
    "pk": 105,
    "fields": {
        "number": 12,
        "track_ptr": 105,
        "collection": 3
    }
},
{
    "model": "music.musictrackwithnumber",
    "pk": 106,
    "fields": {
        "number": 13,
        "track_ptr": 106,
        "collection": 3
    }
},
{
    "model": "music.musictrackwithnumber",
    "pk": 107,
    "fields": {
        "number": 14,
        "track_ptr": 107,
        "collection": 3
    }
},
{
    "model": "music.musictrackwithnumber",
    "pk": 108,
    "fields": {
        "number": 15,
        "track_ptr": 108,
        "collection": 3
    }
},
{
    "model": "music.musictrackwithnumber",
    "pk": 109,
    "fields": {
        "number": 16,
        "track_ptr": 109,
        "collection": 3
    }
},
{
    "model": "music.musictrackwithnumber",
    "pk": 110,
    "fields": {
        "number": 17,
        "track_ptr": 110,
        "collection": 3
    }
},
{
    "model": "music.musictrackwithnumber",
    "pk": 111,
    "fields": {
        "number": 18,
        "track_ptr": 111,
        "collection": 3
    }
},
{
    "model": "music.musictrackwithnumber",
    "pk": 112,
    "fields": {
        "number": 19,
        "track_ptr": 112,
        "collection": 3
    }
},
{
    "model": "music.musictrackwithnumber",
    "pk": 113,
    "fields": {
        "number": 20,
        "track_ptr": 113,
        "collection": 3
    }
},
{
    "model": "music.musictrackwithnumber",
    "pk": 114,
    "fields": {
        "number": 21,
        "track_ptr": 114,
        "collection": 3
    }
},
{
    "model": "music.musictrackwithnumber",
    "pk": 115,
    "fields": {
        "number": 22,
        "track_ptr": 115,
        "collection": 3
    }
},
{
    "model": "music.musictrackwithnumber",
    "pk": 116,
    "fields": {
        "number": 23,
        "track_ptr": 116,
        "collection": 3
    }
},
{
    "model": "music.musictrackwithnumber",
    "pk": 117,
    "fields": {
        "number": 24,
        "track_ptr": 117,
        "collection": 3
    }
},
{
    "model": "music.musictrackwithnumber",
    "pk": 118,
    "fields": {
        "number": 25,
        "track_ptr": 118,
        "collection": 3
    }
},
{
    "model": "music.musictrackwithnumber",
    "pk": 119,
    "fields": {
        "number": 26,
        "track_ptr": 119,
        "collection": 3
    }
},
{
    "model": "music.musictrackwithnumber",
    "pk": 120,
    "fields": {
        "number": 27,
        "track_ptr": 120,
        "collection": 3
    }
},
{
    "model": "music.musictrackwithnumber",
    "pk": 121,
    "fields": {
        "number": 28,
        "track_ptr": 121,
        "collection": 3
    }
},
{
    "model": "music.musictrackwithnumber",
    "pk": 122,
    "fields": {
        "number": 29,
        "track_ptr": 122,
        "collection": 3
    }
},
{
    "model": "music.musictrackwithnumber",
    "pk": 123,
    "fields": {
        "number": 30,
        "track_ptr": 123,
        "collection": 3
    }
},
{
    "model": "music.musictrackwithnumber",
    "pk": 124,
    "fields": {
        "number": 31,
        "track_ptr": 124,
        "collection": 3
    }
},
{
    "model": "music.musictrackwithnumber",
    "pk": 125,
    "fields": {
        "number": 32,
        "track_ptr": 125,
        "collection": 3
    }
},
{
    "model": "music.musictrackwithnumber",
    "pk": 126,
    "fields": {
        "number": 33,
        "track_ptr": 126,
        "collection": 3
    }
},
{
    "model": "music.musictrackwithnumber",
    "pk": 127,
    "fields": {
        "number": 34,
        "track_ptr": 127,
        "collection": 3
    }
},
{
    "model": "music.musictrackwithnumber",
    "pk": 128,
    "fields": {
        "number": 35,
        "track_ptr": 128,
        "collection": 3
    }
},
{
    "model": "music.musictrackwithnumber",
    "pk": 129,
    "fields": {
        "number": 36,
        "track_ptr": 129,
        "collection": 3
    }
},
{
    "model": "music.musictrackwithnumber",
    "pk": 130,
    "fields": {
        "number": 37,
        "track_ptr": 130,
        "collection": 3
    }
},
{
    "model": "music.musictrackwithnumber",
    "pk": 131,
    "fields": {
        "number": 38,
        "track_ptr": 131,
        "collection": 3
    }
},
{
    "model": "music.musictrackwithnumber",
    "pk": 132,
    "fields": {
        "number": 39,
        "track_ptr": 132,
        "collection": 3
    }
},
{
    "model": "music.musictrackwithnumber",
    "pk": 133,
    "fields": {
        "number": 40,
        "track_ptr": 133,
        "collection": 3
    }
},
{
    "model": "music.musictrackwithnumber",
    "pk": 134,
    "fields": {
        "number": 41,
        "track_ptr": 134,
        "collection": 3
    }
},
{
    "model": "music.musictrackwithnumber",
    "pk": 135,
    "fields": {
        "number": 42,
        "track_ptr": 135,
        "collection": 3
    }
},
{
    "model": "accounts.djrdouser",
    "pk": 1,
    "fields": {
        "password": "argon2$argon2id$v=19$m=102400,t=2,p=8$SzFENFdmQjdSNEZobEZWVzFsSjZYTg$0sHtdV+nUE6Bgn93Ohe/XQ",
        "last_login": "2021-05-19T09:12:54.275Z",
        "is_superuser": false,
        "username": "demo",
        "first_name": "",
        "last_name": "",
        "is_staff": false,
        "is_active": true,
        "date_joined": "2021-05-19T09:12:50.937Z",
        "email": "demo@demo.demo",
        "groups": [],
        "user_permissions": []
    }
},
{
    "model": "music_collection.musiccollection",
    "pk": 1,
    "fields": {
        "title": "Dub",
        "date_created": "2021-05-19T09:13:59.736Z",
        "user": [
            "demo"
        ]
    }
},
{
    "model": "music_collection.musiccollection",
    "pk": 2,
    "fields": {
        "title": "Pop",
        "date_created": "2021-05-19T09:14:35.083Z",
        "user": [
            "demo"
        ]
    }
},
{
    "model": "music_collection.musiccollection",
    "pk": 3,
    "fields": {
        "title": "Savant",
        "date_created": "2021-05-19T09:14:53.695Z",
        "user": [
            "demo"
        ]
    }
},
{
    "model": "music.musictrack",
    "pk": 1,
    "fields": {
        "title": "Sous les étoiles feat Flo",
        "import_date": "2021-05-19T09:13:59.795Z",
        "bpm": 85,
        "artist": 1,
        "album": 1,
        "key": "2m",
        "date_released": "2014-01-01",
        "user": [
            "demo"
        ],
        "genre": null
    }
},
{
    "model": "music.musictrack",
    "pk": 2,
    "fields": {
        "title": "Trickin upon di track - Panda Dub remix",
        "import_date": "2021-05-19T09:13:59.807Z",
        "bpm": 140,
        "artist": 1,
        "album": 1,
        "key": "2m",
        "date_released": "2014-01-01",
        "user": [
            "demo"
        ],
        "genre": null
    }
},
{
    "model": "music.musictrack",
    "pk": 3,
    "fields": {
        "title": "Deep in your",
        "import_date": "2021-05-19T09:13:59.819Z",
        "bpm": 146,
        "artist": 1,
        "album": 1,
        "key": "9m",
        "date_released": "2014-01-01",
        "user": [
            "demo"
        ],
        "genre": null
    }
},
{
    "model": "music.musictrack",
    "pk": 4,
    "fields": {
        "title": "Skankin cat - Gary Wide remix",
        "import_date": "2021-05-19T09:13:59.832Z",
        "bpm": 142,
        "artist": 1,
        "album": 1,
        "key": "10m",
        "date_released": "2014-01-01",
        "user": [
            "demo"
        ],
        "genre": null
    }
},
{
    "model": "music.musictrack",
    "pk": 5,
    "fields": {
        "title": "Earth feat Art-X",
        "import_date": "2021-05-19T09:13:59.845Z",
        "bpm": 136,
        "artist": 1,
        "album": 1,
        "key": "8m",
        "date_released": "2014-01-01",
        "user": [
            "demo"
        ],
        "genre": null
    }
},
{
    "model": "music.musictrack",
    "pk": 6,
    "fields": {
        "title": "Rough and tough",
        "import_date": "2021-05-19T09:13:59.856Z",
        "bpm": 140,
        "artist": 1,
        "album": 1,
        "key": "10m",
        "date_released": "2014-01-01",
        "user": [
            "demo"
        ],
        "genre": null
    }
},
{
    "model": "music.musictrack",
    "pk": 7,
    "fields": {
        "title": "The skankin' cat",
        "import_date": "2021-05-19T09:13:59.869Z",
        "bpm": 142,
        "artist": 1,
        "album": 1,
        "key": "10m",
        "date_released": "2014-01-01",
        "user": [
            "demo"
        ],
        "genre": null
    }
},
{
    "model": "music.musictrack",
    "pk": 8,
    "fields": {
        "title": "Inna di red",
        "import_date": "2021-05-19T09:13:59.882Z",
        "bpm": 142,
        "artist": 1,
        "album": 1,
        "key": "1m",
        "date_released": "2014-01-01",
        "user": [
            "demo"
        ],
        "genre": null
    }
},
{
    "model": "music.musictrack",
    "pk": 9,
    "fields": {
        "title": "... de monsieur JACK",
        "import_date": "2021-05-19T09:13:59.895Z",
        "bpm": 127,
        "artist": 1,
        "album": 1,
        "key": "4m",
        "date_released": "2014-01-01",
        "user": [
            "demo"
        ],
        "genre": null
    }
},
{
    "model": "music.musictrack",
    "pk": 10,
    "fields": {
        "title": "Trouble of the world",
        "import_date": "2021-05-19T09:13:59.923Z",
        "bpm": 109,
        "artist": 1,
        "album": 1,
        "key": "11m",
        "date_released": "2014-01-01",
        "user": [
            "demo"
        ],
        "genre": null
    }
},
{
    "model": "music.musictrack",
    "pk": 11,
    "fields": {
        "title": "Cerbère",
        "import_date": "2021-05-19T09:13:59.936Z",
        "bpm": 125,
        "artist": 1,
        "album": 1,
        "key": "1m",
        "date_released": "2014-01-01",
        "user": [
            "demo"
        ],
        "genre": null
    }
},
{
    "model": "music.musictrack",
    "pk": 12,
    "fields": {
        "title": "Don't say you have nerver been told feat Jolly Joseph",
        "import_date": "2021-05-19T09:13:59.948Z",
        "bpm": 120,
        "artist": 1,
        "album": 1,
        "key": "7m",
        "date_released": "2014-01-01",
        "user": [
            "demo"
        ],
        "genre": null
    }
},
{
    "model": "music.musictrack",
    "pk": 13,
    "fields": {
        "title": "Trickin upon di track feat Simple Spelim",
        "import_date": "2021-05-19T09:13:59.960Z",
        "bpm": 140,
        "artist": 1,
        "album": 1,
        "key": "1m",
        "date_released": "2014-01-01",
        "user": [
            "demo"
        ],
        "genre": null
    }
},
{
    "model": "music.musictrack",
    "pk": 14,
    "fields": {
        "title": "Bigvoods - Fabasstone (Dub Invaders) remix",
        "import_date": "2021-05-19T09:13:59.973Z",
        "bpm": 120,
        "artist": 1,
        "album": 1,
        "key": "3m",
        "date_released": "2014-01-01",
        "user": [
            "demo"
        ],
        "genre": null
    }
},
{
    "model": "music.musictrack",
    "pk": 15,
    "fields": {
        "title": "L'étrange skank...",
        "import_date": "2021-05-19T09:13:59.985Z",
        "bpm": 120,
        "artist": 1,
        "album": 1,
        "key": "9m",
        "date_released": "2014-01-01",
        "user": [
            "demo"
        ],
        "genre": null
    }
},
{
    "model": "music.musictrack",
    "pk": 16,
    "fields": {
        "title": "Bigvoods",
        "import_date": "2021-05-19T09:13:59.999Z",
        "bpm": 120,
        "artist": 1,
        "album": 1,
        "key": "3m",
        "date_released": "2014-01-01",
        "user": [
            "demo"
        ],
        "genre": null
    }
},
{
    "model": "music.musictrack",
    "pk": 17,
    "fields": {
        "title": "Panda",
        "import_date": "2021-05-19T09:14:00.019Z",
        "bpm": 130,
        "artist": 2,
        "album": 2,
        "key": "4m",
        "date_released": "2018-01-01",
        "user": [
            "demo"
        ],
        "genre": "Dub"
    }
},
{
    "model": "music.musictrack",
    "pk": 18,
    "fields": {
        "title": "Fusée",
        "import_date": "2021-05-19T09:14:00.031Z",
        "bpm": 143,
        "artist": 2,
        "album": 2,
        "key": "11m",
        "date_released": "2018-01-01",
        "user": [
            "demo"
        ],
        "genre": "Dub"
    }
},
{
    "model": "music.musictrack",
    "pk": 19,
    "fields": {
        "title": "3 Rounds",
        "import_date": "2021-05-19T09:14:00.043Z",
        "bpm": 130,
        "artist": 2,
        "album": 2,
        "key": "6m",
        "date_released": "2018-01-01",
        "user": [
            "demo"
        ],
        "genre": "Dub"
    }
},
{
    "model": "music.musictrack",
    "pk": 20,
    "fields": {
        "title": "Industrial",
        "import_date": "2021-05-19T09:14:00.054Z",
        "bpm": 130,
        "artist": 2,
        "album": 2,
        "key": "9m",
        "date_released": "2018-01-01",
        "user": [
            "demo"
        ],
        "genre": "Dub"
    }
},
{
    "model": "music.musictrack",
    "pk": 21,
    "fields": {
        "title": "Journey of King",
        "import_date": "2021-05-19T09:14:00.066Z",
        "bpm": 130,
        "artist": 2,
        "album": 2,
        "key": "5d",
        "date_released": "2018-01-01",
        "user": [
            "demo"
        ],
        "genre": "Dub"
    }
},
{
    "model": "music.musictrack",
    "pk": 22,
    "fields": {
        "title": "Reloveolution (ft. Zaira Zen)",
        "import_date": "2021-05-19T09:14:00.077Z",
        "bpm": 152,
        "artist": 2,
        "album": 2,
        "key": "1m",
        "date_released": "2018-01-01",
        "user": [
            "demo"
        ],
        "genre": "Dub"
    }
},
{
    "model": "music.musictrack",
    "pk": 23,
    "fields": {
        "title": "Breaktrough (ft. Towst)",
        "import_date": "2021-05-19T09:14:00.088Z",
        "bpm": 140,
        "artist": 2,
        "album": 2,
        "key": "2m",
        "date_released": "2018-01-01",
        "user": [
            "demo"
        ],
        "genre": "Dub"
    }
},
{
    "model": "music.musictrack",
    "pk": 24,
    "fields": {
        "title": "Life",
        "import_date": "2021-05-19T09:14:00.100Z",
        "bpm": 135,
        "artist": 2,
        "album": 2,
        "key": "5m",
        "date_released": "2018-01-01",
        "user": [
            "demo"
        ],
        "genre": "Dub"
    }
},
{
    "model": "music.musictrack",
    "pk": 25,
    "fields": {
        "title": "Bad Flower",
        "import_date": "2021-05-19T09:14:00.112Z",
        "bpm": 145,
        "artist": 2,
        "album": 2,
        "key": "2m",
        "date_released": "2018-01-01",
        "user": [
            "demo"
        ],
        "genre": "Dub"
    }
},
{
    "model": "music.musictrack",
    "pk": 26,
    "fields": {
        "title": "Hard Fragility",
        "import_date": "2021-05-19T09:14:00.123Z",
        "bpm": 140,
        "artist": 2,
        "album": 2,
        "key": "3m",
        "date_released": "2018-01-01",
        "user": [
            "demo"
        ],
        "genre": "Dub"
    }
},
{
    "model": "music.musictrack",
    "pk": 27,
    "fields": {
        "title": "Die Brücke",
        "import_date": "2021-05-19T09:14:00.142Z",
        "bpm": 131,
        "artist": 3,
        "album": 3,
        "key": "12m",
        "date_released": "2015-01-01",
        "user": [
            "demo"
        ],
        "genre": null
    }
},
{
    "model": "music.musictrack",
    "pk": 28,
    "fields": {
        "title": "Feeling Alive",
        "import_date": "2021-05-19T09:14:00.154Z",
        "bpm": 140,
        "artist": 3,
        "album": 3,
        "key": "10m",
        "date_released": "2015-01-01",
        "user": [
            "demo"
        ],
        "genre": null
    }
},
{
    "model": "music.musictrack",
    "pk": 29,
    "fields": {
        "title": "Milky Way",
        "import_date": "2021-05-19T09:14:00.165Z",
        "bpm": 145,
        "artist": 3,
        "album": 3,
        "key": "4m",
        "date_released": "2015-01-01",
        "user": [
            "demo"
        ],
        "genre": null
    }
},
{
    "model": "music.musictrack",
    "pk": 30,
    "fields": {
        "title": "Purple Trip",
        "import_date": "2021-05-19T09:14:00.177Z",
        "bpm": 144,
        "artist": 3,
        "album": 3,
        "key": "10m",
        "date_released": "2015-01-01",
        "user": [
            "demo"
        ],
        "genre": null
    }
},
{
    "model": "music.musictrack",
    "pk": 31,
    "fields": {
        "title": "Unknown Attack",
        "import_date": "2021-05-19T09:14:00.189Z",
        "bpm": 156,
        "artist": 3,
        "album": 3,
        "key": "9m",
        "date_released": "2015-01-01",
        "user": [
            "demo"
        ],
        "genre": null
    }
},
{
    "model": "music.musictrack",
    "pk": 32,
    "fields": {
        "title": "Lost Reality",
        "import_date": "2021-05-19T09:14:00.200Z",
        "bpm": 140,
        "artist": 3,
        "album": 3,
        "key": "10m",
        "date_released": "2015-01-01",
        "user": [
            "demo"
        ],
        "genre": null
    }
},
{
    "model": "music.musictrack",
    "pk": 33,
    "fields": {
        "title": "Hate",
        "import_date": "2021-05-19T09:14:00.212Z",
        "bpm": 133,
        "artist": 3,
        "album": 3,
        "key": "11d",
        "date_released": "2015-01-01",
        "user": [
            "demo"
        ],
        "genre": null
    }
},
{
    "model": "music.musictrack",
    "pk": 34,
    "fields": {
        "title": "Planet Pillow",
        "import_date": "2021-05-19T09:14:00.224Z",
        "bpm": 133,
        "artist": 3,
        "album": 3,
        "key": "10m",
        "date_released": "2015-01-01",
        "user": [
            "demo"
        ],
        "genre": null
    }
},
{
    "model": "music.musictrack",
    "pk": 35,
    "fields": {
        "title": "Danse Macabre",
        "import_date": "2021-05-19T09:14:00.235Z",
        "bpm": 130,
        "artist": 3,
        "album": 3,
        "key": "2m",
        "date_released": "2015-01-01",
        "user": [
            "demo"
        ],
        "genre": null
    }
},
{
    "model": "music.musictrack",
    "pk": 36,
    "fields": {
        "title": "Mayd Hubb meets Joe Pilgrim - Tribute to Yabby You - Panda meets Jamma Dim REMIX",
        "import_date": "2021-05-19T09:14:00.247Z",
        "bpm": 145,
        "artist": 3,
        "album": 3,
        "key": "3m",
        "date_released": "2015-01-01",
        "user": [
            "demo"
        ],
        "genre": null
    }
},
{
    "model": "music.musictrack",
    "pk": 37,
    "fields": {
        "title": "Anvoyé",
        "import_date": "2021-05-19T09:14:00.264Z",
        "bpm": 86,
        "artist": 4,
        "album": 4,
        "key": "9m",
        "date_released": "2017-01-01",
        "user": [
            "demo"
        ],
        "genre": "Trip Hop"
    }
},
{
    "model": "music.musictrack",
    "pk": 38,
    "fields": {
        "title": "Liar",
        "import_date": "2021-05-19T09:14:00.281Z",
        "bpm": 158,
        "artist": 5,
        "album": 4,
        "key": "1m",
        "date_released": "2017-01-01",
        "user": [
            "demo"
        ],
        "genre": "Trip Hop"
    }
},
{
    "model": "music.musictrack",
    "pk": 39,
    "fields": {
        "title": "Golden Age",
        "import_date": "2021-05-19T09:14:00.293Z",
        "bpm": 144,
        "artist": 4,
        "album": 4,
        "key": "7m",
        "date_released": "2017-01-01",
        "user": [
            "demo"
        ],
        "genre": "Trip Hop"
    }
},
{
    "model": "music.musictrack",
    "pk": 40,
    "fields": {
        "title": "Goodnight",
        "import_date": "2021-05-19T09:14:00.304Z",
        "bpm": 136,
        "artist": 4,
        "album": 4,
        "key": "1m",
        "date_released": "2017-01-01",
        "user": [
            "demo"
        ],
        "genre": "Trip Hop"
    }
},
{
    "model": "music.musictrack",
    "pk": 41,
    "fields": {
        "title": "What You Need",
        "import_date": "2021-05-19T09:14:00.321Z",
        "bpm": 86,
        "artist": 6,
        "album": 4,
        "key": "3d",
        "date_released": "2017-01-01",
        "user": [
            "demo"
        ],
        "genre": "Trip Hop"
    }
},
{
    "model": "music.musictrack",
    "pk": 42,
    "fields": {
        "title": "Warriors",
        "import_date": "2021-05-19T09:14:00.333Z",
        "bpm": 144,
        "artist": 4,
        "album": 4,
        "key": "12m",
        "date_released": "2017-01-01",
        "user": [
            "demo"
        ],
        "genre": "Trip Hop"
    }
},
{
    "model": "music.musictrack",
    "pk": 43,
    "fields": {
        "title": "Step Back",
        "import_date": "2021-05-19T09:14:00.344Z",
        "bpm": 140,
        "artist": 4,
        "album": 4,
        "key": "1m",
        "date_released": "2017-01-01",
        "user": [
            "demo"
        ],
        "genre": "Trip Hop"
    }
},
{
    "model": "music.musictrack",
    "pk": 44,
    "fields": {
        "title": "Blah! Featuring Youthstar, Taiwan MC, Illaman",
        "import_date": "2021-05-19T09:14:00.361Z",
        "bpm": 156,
        "artist": 7,
        "album": 4,
        "key": "1m",
        "date_released": "2017-01-01",
        "user": [
            "demo"
        ],
        "genre": "Trip Hop"
    }
},
{
    "model": "music.musictrack",
    "pk": 45,
    "fields": {
        "title": "Shikantaza",
        "import_date": "2021-05-19T09:14:00.372Z",
        "bpm": 144,
        "artist": 4,
        "album": 4,
        "key": "1m",
        "date_released": "2017-01-01",
        "user": [
            "demo"
        ],
        "genre": "Trip Hop"
    }
},
{
    "model": "music.musictrack",
    "pk": 46,
    "fields": {
        "title": "Wolf",
        "import_date": "2021-05-19T09:14:00.384Z",
        "bpm": 84,
        "artist": 4,
        "album": 4,
        "key": "2m",
        "date_released": "2017-01-01",
        "user": [
            "demo"
        ],
        "genre": "Trip Hop"
    }
},
{
    "model": "music.musictrack",
    "pk": 47,
    "fields": {
        "title": "Stone Cold",
        "import_date": "2021-05-19T09:14:00.400Z",
        "bpm": 93,
        "artist": 8,
        "album": 4,
        "key": "10m",
        "date_released": "2017-01-01",
        "user": [
            "demo"
        ],
        "genre": "Trip Hop"
    }
},
{
    "model": "music.musictrack",
    "pk": 48,
    "fields": {
        "title": "L'aurore",
        "import_date": "2021-05-19T09:14:00.412Z",
        "bpm": 85,
        "artist": 4,
        "album": 4,
        "key": "1m",
        "date_released": "2017-01-01",
        "user": [
            "demo"
        ],
        "genre": "Trip Hop"
    }
},
{
    "model": "music.musictrack",
    "pk": 49,
    "fields": {
        "title": "Escape",
        "import_date": "2021-05-19T09:14:00.423Z",
        "bpm": 107,
        "artist": 4,
        "album": 4,
        "key": "2m",
        "date_released": "2017-01-01",
        "user": [
            "demo"
        ],
        "genre": "Trip Hop"
    }
},
{
    "model": "music.musictrack",
    "pk": 50,
    "fields": {
        "title": "Modern Slave",
        "import_date": "2021-05-19T09:14:00.440Z",
        "bpm": 94,
        "artist": 9,
        "album": 4,
        "key": "12m",
        "date_released": "2017-01-01",
        "user": [
            "demo"
        ],
        "genre": "Trip Hop"
    }
},
{
    "model": "music.musictrack",
    "pk": 51,
    "fields": {
        "title": "The New Crown",
        "import_date": "2021-05-19T09:14:00.457Z",
        "bpm": 80,
        "artist": 10,
        "album": 4,
        "key": "1m",
        "date_released": "2017-01-01",
        "user": [
            "demo"
        ],
        "genre": "Trip Hop"
    }
},
{
    "model": "music.musictrack",
    "pk": 52,
    "fields": {
        "title": "Maläd",
        "import_date": "2021-05-19T09:14:00.468Z",
        "bpm": 128,
        "artist": 4,
        "album": 4,
        "key": "12m",
        "date_released": "2017-01-01",
        "user": [
            "demo"
        ],
        "genre": "Trip Hop"
    }
},
{
    "model": "music.musictrack",
    "pk": 53,
    "fields": {
        "title": "Playmobil knight",
        "import_date": "2021-05-19T09:14:00.486Z",
        "bpm": 140,
        "artist": 11,
        "album": 5,
        "key": "11m",
        "date_released": "2016-01-01",
        "user": [
            "demo"
        ],
        "genre": "Other"
    }
},
{
    "model": "music.musictrack",
    "pk": 54,
    "fields": {
        "title": "Exode feat Panda Dub",
        "import_date": "2021-05-19T09:14:00.498Z",
        "bpm": 140,
        "artist": 11,
        "album": 5,
        "key": "1m",
        "date_released": "2016-01-01",
        "user": [
            "demo"
        ],
        "genre": "Other"
    }
},
{
    "model": "music.musictrack",
    "pk": 55,
    "fields": {
        "title": "I try feat Sama Renuka",
        "import_date": "2021-05-19T09:14:00.509Z",
        "bpm": 133,
        "artist": 11,
        "album": 5,
        "key": "6m",
        "date_released": "2016-01-01",
        "user": [
            "demo"
        ],
        "genre": "Other"
    }
},
{
    "model": "music.musictrack",
    "pk": 56,
    "fields": {
        "title": "K'n Bass",
        "import_date": "2021-05-19T09:14:00.521Z",
        "bpm": 86,
        "artist": 11,
        "album": 5,
        "key": "4m",
        "date_released": "2016-01-01",
        "user": [
            "demo"
        ],
        "genre": "Other"
    }
},
{
    "model": "music.musictrack",
    "pk": 57,
    "fields": {
        "title": "Nampoux",
        "import_date": "2021-05-19T09:14:00.533Z",
        "bpm": 87,
        "artist": 11,
        "album": 5,
        "key": "9m",
        "date_released": "2016-01-01",
        "user": [
            "demo"
        ],
        "genre": "Other"
    }
},
{
    "model": "music.musictrack",
    "pk": 58,
    "fields": {
        "title": "B is the key feat Saadji",
        "import_date": "2021-05-19T09:14:00.545Z",
        "bpm": 148,
        "artist": 11,
        "album": 5,
        "key": "8m",
        "date_released": "2016-01-01",
        "user": [
            "demo"
        ],
        "genre": "Other"
    }
},
{
    "model": "music.musictrack",
    "pk": 59,
    "fields": {
        "title": "Tetra Hydro Kamasutra",
        "import_date": "2021-05-19T09:14:00.556Z",
        "bpm": 140,
        "artist": 11,
        "album": 5,
        "key": "2m",
        "date_released": "2016-01-01",
        "user": [
            "demo"
        ],
        "genre": "Other"
    }
},
{
    "model": "music.musictrack",
    "pk": 60,
    "fields": {
        "title": "Grand Hotel Sub Bass",
        "import_date": "2021-05-19T09:14:00.568Z",
        "bpm": 153,
        "artist": 11,
        "album": 5,
        "key": "9m",
        "date_released": "2016-01-01",
        "user": [
            "demo"
        ],
        "genre": "Other"
    }
},
{
    "model": "music.musictrack",
    "pk": 61,
    "fields": {
        "title": "Karnage",
        "import_date": "2021-05-19T09:14:00.580Z",
        "bpm": 148,
        "artist": 11,
        "album": 5,
        "key": "9m",
        "date_released": "2016-01-01",
        "user": [
            "demo"
        ],
        "genre": "Other"
    }
},
{
    "model": "music.musictrack",
    "pk": 62,
    "fields": {
        "title": "Tetra Hydro khemistry",
        "import_date": "2021-05-19T09:14:00.591Z",
        "bpm": 140,
        "artist": 11,
        "album": 5,
        "key": "9m",
        "date_released": "2016-01-01",
        "user": [
            "demo"
        ],
        "genre": "Other"
    }
},
{
    "model": "music.musictrack",
    "pk": 63,
    "fields": {
        "title": "Tetra Hydro Booster",
        "import_date": "2021-05-19T09:14:00.603Z",
        "bpm": 137,
        "artist": 11,
        "album": 6,
        "key": "11m",
        "date_released": "2014-01-01",
        "user": [
            "demo"
        ],
        "genre": null
    }
},
{
    "model": "music.musictrack",
    "pk": 64,
    "fields": {
        "title": "Steppa To Trance",
        "import_date": "2021-05-19T09:14:00.615Z",
        "bpm": 150,
        "artist": 11,
        "album": 6,
        "key": "3m",
        "date_released": "2014-01-01",
        "user": [
            "demo"
        ],
        "genre": null
    }
},
{
    "model": "music.musictrack",
    "pk": 65,
    "fields": {
        "title": "Ghost Dub",
        "import_date": "2021-05-19T09:14:00.627Z",
        "bpm": 150,
        "artist": 11,
        "album": 6,
        "key": "1m",
        "date_released": "2014-01-01",
        "user": [
            "demo"
        ],
        "genre": null
    }
},
{
    "model": "music.musictrack",
    "pk": 66,
    "fields": {
        "title": "Steppa Supra Dark",
        "import_date": "2021-05-19T09:14:00.638Z",
        "bpm": 140,
        "artist": 11,
        "album": 6,
        "key": "9m",
        "date_released": "2014-01-01",
        "user": [
            "demo"
        ],
        "genre": null
    }
},
{
    "model": "music.musictrack",
    "pk": 67,
    "fields": {
        "title": "Slings & Arrows",
        "import_date": "2021-05-19T09:14:35.128Z",
        "bpm": null,
        "artist": 12,
        "album": 7,
        "key": null,
        "date_released": "2015-01-01",
        "user": [
            "demo"
        ],
        "genre": "Dub"
    }
},
{
    "model": "music.musictrack",
    "pk": 68,
    "fields": {
        "title": "Cortina Motors",
        "import_date": "2021-05-19T09:14:35.140Z",
        "bpm": null,
        "artist": 12,
        "album": 7,
        "key": null,
        "date_released": "2015-01-01",
        "user": [
            "demo"
        ],
        "genre": "Dub"
    }
},
{
    "model": "music.musictrack",
    "pk": 69,
    "fields": {
        "title": "Wheels",
        "import_date": "2021-05-19T09:14:35.151Z",
        "bpm": null,
        "artist": 12,
        "album": 7,
        "key": null,
        "date_released": "2015-01-01",
        "user": [
            "demo"
        ],
        "genre": "Dub"
    }
},
{
    "model": "music.musictrack",
    "pk": 70,
    "fields": {
        "title": "Wairunga Blues",
        "import_date": "2021-05-19T09:14:35.162Z",
        "bpm": null,
        "artist": 12,
        "album": 7,
        "key": null,
        "date_released": "2015-01-01",
        "user": [
            "demo"
        ],
        "genre": "Dub"
    }
},
{
    "model": "music.musictrack",
    "pk": 71,
    "fields": {
        "title": "Novak",
        "import_date": "2021-05-19T09:14:35.172Z",
        "bpm": null,
        "artist": 12,
        "album": 7,
        "key": null,
        "date_released": "2015-01-01",
        "user": [
            "demo"
        ],
        "genre": "Dub"
    }
},
{
    "model": "music.musictrack",
    "pk": 72,
    "fields": {
        "title": "10 Feet Tall",
        "import_date": "2021-05-19T09:14:35.184Z",
        "bpm": null,
        "artist": 12,
        "album": 7,
        "key": null,
        "date_released": "2015-01-01",
        "user": [
            "demo"
        ],
        "genre": "Dub"
    }
},
{
    "model": "music.musictrack",
    "pk": 73,
    "fields": {
        "title": "Fish In The Sea",
        "import_date": "2021-05-19T09:14:35.196Z",
        "bpm": null,
        "artist": 12,
        "album": 7,
        "key": null,
        "date_released": "2015-01-01",
        "user": [
            "demo"
        ],
        "genre": "Dub"
    }
},
{
    "model": "music.musictrack",
    "pk": 74,
    "fields": {
        "title": "Razor",
        "import_date": "2021-05-19T09:14:35.207Z",
        "bpm": null,
        "artist": 12,
        "album": 7,
        "key": null,
        "date_released": "2015-01-01",
        "user": [
            "demo"
        ],
        "genre": "Dub"
    }
},
{
    "model": "music.musictrack",
    "pk": 75,
    "fields": {
        "title": "Makkan",
        "import_date": "2021-05-19T09:14:35.217Z",
        "bpm": null,
        "artist": 12,
        "album": 7,
        "key": null,
        "date_released": "2015-01-01",
        "user": [
            "demo"
        ],
        "genre": "Dub"
    }
},
{
    "model": "music.musictrack",
    "pk": 76,
    "fields": {
        "title": "Orchestral Intro",
        "import_date": "2021-05-19T09:14:35.234Z",
        "bpm": null,
        "artist": 13,
        "album": 8,
        "key": null,
        "date_released": "2010-01-01",
        "user": [
            "demo"
        ],
        "genre": null
    }
},
{
    "model": "music.musictrack",
    "pk": 77,
    "fields": {
        "title": "On Melancholy Hill",
        "import_date": "2021-05-19T09:14:35.245Z",
        "bpm": null,
        "artist": 13,
        "album": 8,
        "key": null,
        "date_released": "2010-01-01",
        "user": [
            "demo"
        ],
        "genre": null
    }
},
{
    "model": "music.musictrack",
    "pk": 78,
    "fields": {
        "title": "Glitter Freeze",
        "import_date": "2021-05-19T09:14:35.257Z",
        "bpm": null,
        "artist": 13,
        "album": 8,
        "key": null,
        "date_released": "2010-01-01",
        "user": [
            "demo"
        ],
        "genre": null
    }
},
{
    "model": "music.musictrack",
    "pk": 79,
    "fields": {
        "title": "Superfast Jellyfish",
        "import_date": "2021-05-19T09:14:35.271Z",
        "bpm": null,
        "artist": 13,
        "album": 8,
        "key": null,
        "date_released": "2010-01-01",
        "user": [
            "demo"
        ],
        "genre": null
    }
},
{
    "model": "music.musictrack",
    "pk": 80,
    "fields": {
        "title": "Pirate's Progress",
        "import_date": "2021-05-19T09:14:35.284Z",
        "bpm": null,
        "artist": 13,
        "album": 8,
        "key": null,
        "date_released": "2010-01-01",
        "user": [
            "demo"
        ],
        "genre": null
    }
},
{
    "model": "music.musictrack",
    "pk": 81,
    "fields": {
        "title": "To Binge",
        "import_date": "2021-05-19T09:14:35.297Z",
        "bpm": null,
        "artist": 13,
        "album": 8,
        "key": null,
        "date_released": "2010-01-01",
        "user": [
            "demo"
        ],
        "genre": null
    }
},
{
    "model": "music.musictrack",
    "pk": 82,
    "fields": {
        "title": "Rhinestone Eyes",
        "import_date": "2021-05-19T09:14:35.309Z",
        "bpm": null,
        "artist": 13,
        "album": 8,
        "key": null,
        "date_released": "2010-01-01",
        "user": [
            "demo"
        ],
        "genre": null
    }
},
{
    "model": "music.musictrack",
    "pk": 83,
    "fields": {
        "title": "Plastic Beach",
        "import_date": "2021-05-19T09:14:35.320Z",
        "bpm": null,
        "artist": 13,
        "album": 8,
        "key": null,
        "date_released": "2010-01-01",
        "user": [
            "demo"
        ],
        "genre": null
    }
},
{
    "model": "music.musictrack",
    "pk": 84,
    "fields": {
        "title": "Stylo",
        "import_date": "2021-05-19T09:14:35.332Z",
        "bpm": null,
        "artist": 13,
        "album": 8,
        "key": null,
        "date_released": "2010-01-01",
        "user": [
            "demo"
        ],
        "genre": null
    }
},
{
    "model": "music.musictrack",
    "pk": 85,
    "fields": {
        "title": "White Flag",
        "import_date": "2021-05-19T09:14:35.343Z",
        "bpm": null,
        "artist": 13,
        "album": 8,
        "key": null,
        "date_released": "2010-01-01",
        "user": [
            "demo"
        ],
        "genre": null
    }
},
{
    "model": "music.musictrack",
    "pk": 86,
    "fields": {
        "title": "Empire Ants",
        "import_date": "2021-05-19T09:14:35.356Z",
        "bpm": null,
        "artist": 13,
        "album": 8,
        "key": null,
        "date_released": "2010-01-01",
        "user": [
            "demo"
        ],
        "genre": null
    }
},
{
    "model": "music.musictrack",
    "pk": 87,
    "fields": {
        "title": "Pirate Jet",
        "import_date": "2021-05-19T09:14:35.367Z",
        "bpm": null,
        "artist": 13,
        "album": 8,
        "key": null,
        "date_released": "2010-01-01",
        "user": [
            "demo"
        ],
        "genre": null
    }
},
{
    "model": "music.musictrack",
    "pk": 88,
    "fields": {
        "title": "Sweepstakes",
        "import_date": "2021-05-19T09:14:35.378Z",
        "bpm": null,
        "artist": 13,
        "album": 8,
        "key": null,
        "date_released": "2010-01-01",
        "user": [
            "demo"
        ],
        "genre": null
    }
},
{
    "model": "music.musictrack",
    "pk": 89,
    "fields": {
        "title": "Some Kind Of Nature",
        "import_date": "2021-05-19T09:14:35.389Z",
        "bpm": null,
        "artist": 13,
        "album": 8,
        "key": null,
        "date_released": "2010-01-01",
        "user": [
            "demo"
        ],
        "genre": null
    }
},
{
    "model": "music.musictrack",
    "pk": 90,
    "fields": {
        "title": "Three Hearts, Seven Seas, Twelve Moons",
        "import_date": "2021-05-19T09:14:35.401Z",
        "bpm": null,
        "artist": 13,
        "album": 8,
        "key": null,
        "date_released": "2010-01-01",
        "user": [
            "demo"
        ],
        "genre": null
    }
},
{
    "model": "music.musictrack",
    "pk": 91,
    "fields": {
        "title": "Cloud Of Unknowing",
        "import_date": "2021-05-19T09:14:35.412Z",
        "bpm": null,
        "artist": 13,
        "album": 8,
        "key": null,
        "date_released": "2010-01-01",
        "user": [
            "demo"
        ],
        "genre": null
    }
},
{
    "model": "music.musictrack",
    "pk": 92,
    "fields": {
        "title": "Broken",
        "import_date": "2021-05-19T09:14:35.423Z",
        "bpm": null,
        "artist": 13,
        "album": 8,
        "key": null,
        "date_released": "2010-01-01",
        "user": [
            "demo"
        ],
        "genre": null
    }
},
{
    "model": "music.musictrack",
    "pk": 93,
    "fields": {
        "title": "Welcome To The World Of The Plastic Beach",
        "import_date": "2021-05-19T09:14:35.435Z",
        "bpm": null,
        "artist": 13,
        "album": 8,
        "key": null,
        "date_released": "2010-01-01",
        "user": [
            "demo"
        ],
        "genre": null
    }
},
{
    "model": "music.musictrack",
    "pk": 94,
    "fields": {
        "title": "Spacewolfe",
        "import_date": "2021-05-19T09:14:53.750Z",
        "bpm": 133,
        "artist": 14,
        "album": 9,
        "key": "2m",
        "date_released": "2013-01-01",
        "user": [
            "demo"
        ],
        "genre": null
    }
},
{
    "model": "music.musictrack",
    "pk": 95,
    "fields": {
        "title": "Air Balloon",
        "import_date": "2021-05-19T09:14:53.763Z",
        "bpm": 124,
        "artist": 14,
        "album": 9,
        "key": "6m",
        "date_released": "2013-01-01",
        "user": [
            "demo"
        ],
        "genre": null
    }
},
{
    "model": "music.musictrack",
    "pk": 96,
    "fields": {
        "title": "How I Roll",
        "import_date": "2021-05-19T09:14:53.774Z",
        "bpm": 130,
        "artist": 14,
        "album": 9,
        "key": "6m",
        "date_released": "2013-01-01",
        "user": [
            "demo"
        ],
        "genre": null
    }
},
{
    "model": "music.musictrack",
    "pk": 97,
    "fields": {
        "title": "Teaser 11.18.2013",
        "import_date": "2021-05-19T09:14:53.786Z",
        "bpm": 130,
        "artist": 14,
        "album": 9,
        "key": "6m",
        "date_released": "2013-01-01",
        "user": [
            "demo"
        ],
        "genre": null
    }
},
{
    "model": "music.musictrack",
    "pk": 98,
    "fields": {
        "title": "Prophecy",
        "import_date": "2021-05-19T09:14:53.797Z",
        "bpm": 105,
        "artist": 14,
        "album": 9,
        "key": "1m",
        "date_released": "2013-01-01",
        "user": [
            "demo"
        ],
        "genre": null
    }
},
{
    "model": "music.musictrack",
    "pk": 99,
    "fields": {
        "title": "Orakel",
        "import_date": "2021-05-19T09:14:53.810Z",
        "bpm": 112,
        "artist": 14,
        "album": 9,
        "key": "2m",
        "date_released": "2013-01-01",
        "user": [
            "demo"
        ],
        "genre": null
    }
},
{
    "model": "music.musictrack",
    "pk": 100,
    "fields": {
        "title": "Valkyrie",
        "import_date": "2021-05-19T09:14:53.822Z",
        "bpm": 126,
        "artist": 14,
        "album": 9,
        "key": "12m",
        "date_released": "2013-01-01",
        "user": [
            "demo"
        ],
        "genre": null
    }
},
{
    "model": "music.musictrack",
    "pk": 101,
    "fields": {
        "title": "Survive",
        "import_date": "2021-05-19T09:14:53.834Z",
        "bpm": 130,
        "artist": 14,
        "album": 9,
        "key": "4d",
        "date_released": "2013-01-01",
        "user": [
            "demo"
        ],
        "genre": null
    }
},
{
    "model": "music.musictrack",
    "pk": 102,
    "fields": {
        "title": "Rapture",
        "import_date": "2021-05-19T09:14:53.846Z",
        "bpm": 119,
        "artist": 14,
        "album": 9,
        "key": "6d",
        "date_released": "2013-01-01",
        "user": [
            "demo"
        ],
        "genre": null
    }
},
{
    "model": "music.musictrack",
    "pk": 103,
    "fields": {
        "title": "Legacy",
        "import_date": "2021-05-19T09:14:53.857Z",
        "bpm": 128,
        "artist": 14,
        "album": 9,
        "key": "12m",
        "date_released": "2013-01-01",
        "user": [
            "demo"
        ],
        "genre": null
    }
},
{
    "model": "music.musictrack",
    "pk": 104,
    "fields": {
        "title": "Origin",
        "import_date": "2021-05-19T09:14:53.868Z",
        "bpm": 128,
        "artist": 14,
        "album": 9,
        "key": "11m",
        "date_released": "2013-01-01",
        "user": [
            "demo"
        ],
        "genre": null
    }
},
{
    "model": "music.musictrack",
    "pk": 105,
    "fields": {
        "title": "Stargate",
        "import_date": "2021-05-19T09:14:53.879Z",
        "bpm": 140,
        "artist": 14,
        "album": 9,
        "key": "12m",
        "date_released": "2013-01-01",
        "user": [
            "demo"
        ],
        "genre": null
    }
},
{
    "model": "music.musictrack",
    "pk": 106,
    "fields": {
        "title": "Origin (Remix)",
        "import_date": "2021-05-19T09:14:53.890Z",
        "bpm": 128,
        "artist": 14,
        "album": 9,
        "key": "11d",
        "date_released": "2013-01-01",
        "user": [
            "demo"
        ],
        "genre": null
    }
},
{
    "model": "music.musictrack",
    "pk": 107,
    "fields": {
        "title": "Sawchain",
        "import_date": "2021-05-19T09:14:53.902Z",
        "bpm": 85,
        "artist": 14,
        "album": 9,
        "key": "6m",
        "date_released": "2013-01-01",
        "user": [
            "demo"
        ],
        "genre": null
    }
},
{
    "model": "music.musictrack",
    "pk": 108,
    "fields": {
        "title": "Soap",
        "import_date": "2021-05-19T09:14:53.913Z",
        "bpm": 128,
        "artist": 14,
        "album": 9,
        "key": "1m",
        "date_released": "2013-01-01",
        "user": [
            "demo"
        ],
        "genre": null
    }
},
{
    "model": "music.musictrack",
    "pk": 109,
    "fields": {
        "title": "Reggaetron",
        "import_date": "2021-05-19T09:14:53.925Z",
        "bpm": 125,
        "artist": 14,
        "album": 9,
        "key": "1m",
        "date_released": "2013-01-01",
        "user": [
            "demo"
        ],
        "genre": null
    }
},
{
    "model": "music.musictrack",
    "pk": 110,
    "fields": {
        "title": "Red Claw",
        "import_date": "2021-05-19T09:14:53.938Z",
        "bpm": 155,
        "artist": 14,
        "album": 9,
        "key": "11m",
        "date_released": "2013-01-01",
        "user": [
            "demo"
        ],
        "genre": null
    }
},
{
    "model": "music.musictrack",
    "pk": 111,
    "fields": {
        "title": "Snake Eyes",
        "import_date": "2021-05-19T09:14:53.949Z",
        "bpm": 109,
        "artist": 14,
        "album": 9,
        "key": "7m",
        "date_released": "2013-01-01",
        "user": [
            "demo"
        ],
        "genre": null
    }
},
{
    "model": "music.musictrack",
    "pk": 112,
    "fields": {
        "title": "Penguins",
        "import_date": "2021-05-19T09:14:53.962Z",
        "bpm": 130,
        "artist": 14,
        "album": 9,
        "key": "9m",
        "date_released": "2013-01-01",
        "user": [
            "demo"
        ],
        "genre": null
    }
},
{
    "model": "music.musictrack",
    "pk": 113,
    "fields": {
        "title": "Rave Life",
        "import_date": "2021-05-19T09:14:53.973Z",
        "bpm": 96,
        "artist": 14,
        "album": 9,
        "key": "10m",
        "date_released": "2013-01-01",
        "user": [
            "demo"
        ],
        "genre": null
    }
},
{
    "model": "music.musictrack",
    "pk": 114,
    "fields": {
        "title": "Awakening Wonders",
        "import_date": "2021-05-19T09:14:53.985Z",
        "bpm": 86,
        "artist": 14,
        "album": 9,
        "key": "1m",
        "date_released": "2013-01-01",
        "user": [
            "demo"
        ],
        "genre": null
    }
},
{
    "model": "music.musictrack",
    "pk": 115,
    "fields": {
        "title": "Organismical",
        "import_date": "2021-05-19T09:14:53.997Z",
        "bpm": 128,
        "artist": 14,
        "album": 9,
        "key": "1m",
        "date_released": "2013-01-01",
        "user": [
            "demo"
        ],
        "genre": null
    }
},
{
    "model": "music.musictrack",
    "pk": 116,
    "fields": {
        "title": "Valley of Shadows",
        "import_date": "2021-05-19T09:14:54.008Z",
        "bpm": 143,
        "artist": 14,
        "album": 9,
        "key": "4m",
        "date_released": "2013-01-01",
        "user": [
            "demo"
        ],
        "genre": null
    }
},
{
    "model": "music.musictrack",
    "pk": 117,
    "fields": {
        "title": "Super Sheriff",
        "import_date": "2021-05-19T09:14:54.021Z",
        "bpm": 152,
        "artist": 14,
        "album": 10,
        "key": "1m",
        "date_released": "2014-01-01",
        "user": [
            "demo"
        ],
        "genre": null
    }
},
{
    "model": "music.musictrack",
    "pk": 118,
    "fields": {
        "title": "Hit The Top",
        "import_date": "2021-05-19T09:14:54.032Z",
        "bpm": 147,
        "artist": 14,
        "album": 10,
        "key": "10m",
        "date_released": "2014-01-01",
        "user": [
            "demo"
        ],
        "genre": null
    }
},
{
    "model": "music.musictrack",
    "pk": 119,
    "fields": {
        "title": "Aquarius",
        "import_date": "2021-05-19T09:14:54.044Z",
        "bpm": 88,
        "artist": 14,
        "album": 10,
        "key": "12m",
        "date_released": "2014-01-01",
        "user": [
            "demo"
        ],
        "genre": null
    }
},
{
    "model": "music.musictrack",
    "pk": 120,
    "fields": {
        "title": "Laser Sharks",
        "import_date": "2021-05-19T09:14:54.056Z",
        "bpm": 85,
        "artist": 14,
        "album": 10,
        "key": "12m",
        "date_released": "2014-01-01",
        "user": [
            "demo"
        ],
        "genre": null
    }
},
{
    "model": "music.musictrack",
    "pk": 121,
    "fields": {
        "title": "Man of the Law",
        "import_date": "2021-05-19T09:14:54.067Z",
        "bpm": 135,
        "artist": 14,
        "album": 10,
        "key": "12m",
        "date_released": "2014-01-01",
        "user": [
            "demo"
        ],
        "genre": null
    }
},
{
    "model": "music.musictrack",
    "pk": 122,
    "fields": {
        "title": "Spaceship",
        "import_date": "2021-05-19T09:14:54.079Z",
        "bpm": 121,
        "artist": 14,
        "album": 10,
        "key": "10m",
        "date_released": "2014-01-01",
        "user": [
            "demo"
        ],
        "genre": null
    }
},
{
    "model": "music.musictrack",
    "pk": 123,
    "fields": {
        "title": "Cry For Love",
        "import_date": "2021-05-19T09:14:54.090Z",
        "bpm": 121,
        "artist": 14,
        "album": 10,
        "key": "12m",
        "date_released": "2014-01-01",
        "user": [
            "demo"
        ],
        "genre": null
    }
},
{
    "model": "music.musictrack",
    "pk": 124,
    "fields": {
        "title": "Nebula",
        "import_date": "2021-05-19T09:14:54.102Z",
        "bpm": 113,
        "artist": 14,
        "album": 10,
        "key": "1m",
        "date_released": "2014-01-01",
        "user": [
            "demo"
        ],
        "genre": null
    }
},
{
    "model": "music.musictrack",
    "pk": 125,
    "fields": {
        "title": "Samurai",
        "import_date": "2021-05-19T09:14:54.113Z",
        "bpm": 80,
        "artist": 14,
        "album": 10,
        "key": "7m",
        "date_released": "2014-01-01",
        "user": [
            "demo"
        ],
        "genre": null
    }
},
{
    "model": "music.musictrack",
    "pk": 126,
    "fields": {
        "title": "Rise Up",
        "import_date": "2021-05-19T09:14:54.124Z",
        "bpm": 140,
        "artist": 14,
        "album": 10,
        "key": "1m",
        "date_released": "2014-01-01",
        "user": [
            "demo"
        ],
        "genre": null
    }
},
{
    "model": "music.musictrack",
    "pk": 127,
    "fields": {
        "title": "Rider In Red",
        "import_date": "2021-05-19T09:14:54.136Z",
        "bpm": 140,
        "artist": 14,
        "album": 10,
        "key": "2m",
        "date_released": "2014-01-01",
        "user": [
            "demo"
        ],
        "genre": null
    }
},
{
    "model": "music.musictrack",
    "pk": 128,
    "fields": {
        "title": "Quest",
        "import_date": "2021-05-19T09:14:54.147Z",
        "bpm": 127,
        "artist": 14,
        "album": 10,
        "key": "5m",
        "date_released": "2014-01-01",
        "user": [
            "demo"
        ],
        "genre": null
    }
},
{
    "model": "music.musictrack",
    "pk": 129,
    "fields": {
        "title": "Beautiful World",
        "import_date": "2021-05-19T09:14:54.159Z",
        "bpm": 128,
        "artist": 14,
        "album": 10,
        "key": "9m",
        "date_released": "2014-01-01",
        "user": [
            "demo"
        ],
        "genre": null
    }
},
{
    "model": "music.musictrack",
    "pk": 130,
    "fields": {
        "title": "Venom",
        "import_date": "2021-05-19T09:14:54.170Z",
        "bpm": 116,
        "artist": 14,
        "album": 10,
        "key": "2d",
        "date_released": "2014-01-01",
        "user": [
            "demo"
        ],
        "genre": null
    }
},
{
    "model": "music.musictrack",
    "pk": 131,
    "fields": {
        "title": "Prototype",
        "import_date": "2021-05-19T09:14:54.182Z",
        "bpm": 107,
        "artist": 14,
        "album": 10,
        "key": "2m",
        "date_released": "2014-01-01",
        "user": [
            "demo"
        ],
        "genre": null
    }
},
{
    "model": "music.musictrack",
    "pk": 132,
    "fields": {
        "title": "πρῶτος - Teaser",
        "import_date": "2021-05-19T09:14:54.193Z",
        "bpm": 118,
        "artist": 14,
        "album": 10,
        "key": "12m",
        "date_released": "2014-01-01",
        "user": [
            "demo"
        ],
        "genre": null
    }
},
{
    "model": "music.musictrack",
    "pk": 133,
    "fields": {
        "title": "Fakers",
        "import_date": "2021-05-19T09:14:54.205Z",
        "bpm": 123,
        "artist": 14,
        "album": 10,
        "key": "1m",
        "date_released": "2014-01-01",
        "user": [
            "demo"
        ],
        "genre": null
    }
},
{
    "model": "music.musictrack",
    "pk": 134,
    "fields": {
        "title": "Spaceheart",
        "import_date": "2021-05-19T09:14:54.216Z",
        "bpm": 117,
        "artist": 14,
        "album": 10,
        "key": "10d",
        "date_released": "2014-01-01",
        "user": [
            "demo"
        ],
        "genre": null
    }
},
{
    "model": "music.musictrack",
    "pk": 135,
    "fields": {
        "title": "Sword of Destiny",
        "import_date": "2021-05-19T09:14:54.228Z",
        "bpm": 89,
        "artist": 14,
        "album": 10,
        "key": "1m",
        "date_released": "2014-01-01",
        "user": [
            "demo"
        ],
        "genre": null
    }
},
{
    "model": "music.album",
    "pk": 1,
    "fields": {
        "name": "The skankin' cat",
        "artist": 1,
        "user": [
            "demo"
        ]
    }
},
{
    "model": "music.album",
    "pk": 2,
    "fields": {
        "name": "Musical Spaceship",
        "artist": 2,
        "user": [
            "demo"
        ]
    }
},
{
    "model": "music.album",
    "pk": 3,
    "fields": {
        "name": "The Lost Ship",
        "artist": 3,
        "user": [
            "demo"
        ]
    }
},
{
    "model": "music.album",
    "pk": 4,
    "fields": {
        "name": "Shikantaza",
        "artist": 4,
        "user": [
            "demo"
        ]
    }
},
{
    "model": "music.album",
    "pk": 5,
    "fields": {
        "name": "Labotomie",
        "artist": 11,
        "user": [
            "demo"
        ]
    }
},
{
    "model": "music.album",
    "pk": 6,
    "fields": {
        "name": "Infusion De Delay",
        "artist": 11,
        "user": [
            "demo"
        ]
    }
},
{
    "model": "music.album",
    "pk": 7,
    "fields": {
        "name": "BAYS",
        "artist": null,
        "user": [
            "demo"
        ]
    }
},
{
    "model": "music.album",
    "pk": 8,
    "fields": {
        "name": "Plastic Beach",
        "artist": 13,
        "user": [
            "demo"
        ]
    }
},
{
    "model": "music.album",
    "pk": 9,
    "fields": {
        "name": "Orakel",
        "artist": 14,
        "user": [
            "demo"
        ]
    }
},
{
    "model": "music.album",
    "pk": 10,
    "fields": {
        "name": "πρῶτος (Protos)",
        "artist": 14,
        "user": [
            "demo"
        ]
    }
},
{
    "model": "music.artist",
    "pk": 1,
    "fields": {
        "name": "Mahom",
        "user": [
            "demo"
        ]
    }
},
{
    "model": "music.artist",
    "pk": 2,
    "fields": {
        "name": "Bisou",
        "user": [
            "demo"
        ]
    }
},
{
    "model": "music.artist",
    "pk": 3,
    "fields": {
        "name": "Panda Dub",
        "user": [
            "demo"
        ]
    }
},
{
    "model": "music.artist",
    "pk": 4,
    "fields": {
        "name": "Chinese Man",
        "user": [
            "demo"
        ]
    }
},
{
    "model": "music.artist",
    "pk": 5,
    "fields": {
        "name": "Chinese Man feat Kendra Morris & Dillon Cooper",
        "user": [
            "demo"
        ]
    }
},
{
    "model": "music.artist",
    "pk": 6,
    "fields": {
        "name": "Chinese Man feat Vinnie Dewayne, Myke Bogan & Tre Redeau",
        "user": [
            "demo"
        ]
    }
},
{
    "model": "music.artist",
    "pk": 7,
    "fields": {
        "name": "Chinese Man feat Youthstar, Taiwan MC & Illaman",
        "user": [
            "demo"
        ]
    }
},
{
    "model": "music.artist",
    "pk": 8,
    "fields": {
        "name": "Chinese Man feat Mariama",
        "user": [
            "demo"
        ]
    }
},
{
    "model": "music.artist",
    "pk": 9,
    "fields": {
        "name": "Chinese Man feat R.A. The Rugged Man",
        "user": [
            "demo"
        ]
    }
},
{
    "model": "music.artist",
    "pk": 10,
    "fields": {
        "name": "Chinese Man feat A-F-R-O, A.S.M. & Taiwan MC",
        "user": [
            "demo"
        ]
    }
},
{
    "model": "music.artist",
    "pk": 11,
    "fields": {
        "name": "Tetra Hydro K",
        "user": [
            "demo"
        ]
    }
},
{
    "model": "music.artist",
    "pk": 12,
    "fields": {
        "name": "Fat Freddy's Drop",
        "user": [
            "demo"
        ]
    }
},
{
    "model": "music.artist",
    "pk": 13,
    "fields": {
        "name": "Gorillaz",
        "user": [
            "demo"
        ]
    }
},
{
    "model": "music.artist",
    "pk": 14,
    "fields": {
        "name": "Savant",
        "user": [
            "demo"
        ]
    }
}
]
