[{"model": "auth.permission", "pk": 1, "fields": {"name": "Can add log entry", "content_type": 1, "codename": "add_logentry"}}, {"model": "auth.permission", "pk": 2, "fields": {"name": "Can change log entry", "content_type": 1, "codename": "change_logentry"}}, {"model": "auth.permission", "pk": 3, "fields": {"name": "Can delete log entry", "content_type": 1, "codename": "delete_logentry"}}, {"model": "auth.permission", "pk": 4, "fields": {"name": "Can view log entry", "content_type": 1, "codename": "view_logentry"}}, {"model": "auth.permission", "pk": 5, "fields": {"name": "Can add permission", "content_type": 2, "codename": "add_permission"}}, {"model": "auth.permission", "pk": 6, "fields": {"name": "Can change permission", "content_type": 2, "codename": "change_permission"}}, {"model": "auth.permission", "pk": 7, "fields": {"name": "Can delete permission", "content_type": 2, "codename": "delete_permission"}}, {"model": "auth.permission", "pk": 8, "fields": {"name": "Can view permission", "content_type": 2, "codename": "view_permission"}}, {"model": "auth.permission", "pk": 9, "fields": {"name": "Can add group", "content_type": 3, "codename": "add_group"}}, {"model": "auth.permission", "pk": 10, "fields": {"name": "Can change group", "content_type": 3, "codename": "change_group"}}, {"model": "auth.permission", "pk": 11, "fields": {"name": "Can delete group", "content_type": 3, "codename": "delete_group"}}, {"model": "auth.permission", "pk": 12, "fields": {"name": "Can view group", "content_type": 3, "codename": "view_group"}}, {"model": "auth.permission", "pk": 13, "fields": {"name": "Can add content type", "content_type": 4, "codename": "add_contenttype"}}, {"model": "auth.permission", "pk": 14, "fields": {"name": "Can change content type", "content_type": 4, "codename": "change_contenttype"}}, {"model": "auth.permission", "pk": 15, "fields": {"name": "Can delete content type", "content_type": 4, "codename": "delete_contenttype"}}, {"model": "auth.permission", "pk": 16, "fields": {"name": "Can view content type", "content_type": 4, "codename": "view_contenttype"}}, {"model": "auth.permission", "pk": 17, "fields": {"name": "Can add session", "content_type": 5, "codename": "add_session"}}, {"model": "auth.permission", "pk": 18, "fields": {"name": "Can change session", "content_type": 5, "codename": "change_session"}}, {"model": "auth.permission", "pk": 19, "fields": {"name": "Can delete session", "content_type": 5, "codename": "delete_session"}}, {"model": "auth.permission", "pk": 20, "fields": {"name": "Can view session", "content_type": 5, "codename": "view_session"}}, {"model": "auth.permission", "pk": 21, "fields": {"name": "Can add album", "content_type": 6, "codename": "add_album"}}, {"model": "auth.permission", "pk": 22, "fields": {"name": "Can change album", "content_type": 6, "codename": "change_album"}}, {"model": "auth.permission", "pk": 23, "fields": {"name": "Can delete album", "content_type": 6, "codename": "delete_album"}}, {"model": "auth.permission", "pk": 24, "fields": {"name": "Can view album", "content_type": 6, "codename": "view_album"}}, {"model": "auth.permission", "pk": 25, "fields": {"name": "Can add artist", "content_type": 7, "codename": "add_artist"}}, {"model": "auth.permission", "pk": 26, "fields": {"name": "Can change artist", "content_type": 7, "codename": "change_artist"}}, {"model": "auth.permission", "pk": 27, "fields": {"name": "Can delete artist", "content_type": 7, "codename": "delete_artist"}}, {"model": "auth.permission", "pk": 28, "fields": {"name": "Can view artist", "content_type": 7, "codename": "view_artist"}}, {"model": "auth.permission", "pk": 29, "fields": {"name": "Can add music track", "content_type": 8, "codename": "add_musictrack"}}, {"model": "auth.permission", "pk": 30, "fields": {"name": "Can change music track", "content_type": 8, "codename": "change_musictrack"}}, {"model": "auth.permission", "pk": 31, "fields": {"name": "Can delete music track", "content_type": 8, "codename": "delete_musictrack"}}, {"model": "auth.permission", "pk": 32, "fields": {"name": "Can view music track", "content_type": 8, "codename": "view_musictrack"}}, {"model": "auth.permission", "pk": 33, "fields": {"name": "Can add music track with number", "content_type": 9, "codename": "add_musictrackwithnumber"}}, {"model": "auth.permission", "pk": 34, "fields": {"name": "Can change music track with number", "content_type": 9, "codename": "change_musictrackwithnumber"}}, {"model": "auth.permission", "pk": 35, "fields": {"name": "Can delete music track with number", "content_type": 9, "codename": "delete_musictrackwithnumber"}}, {"model": "auth.permission", "pk": 36, "fields": {"name": "Can view music track with number", "content_type": 9, "codename": "view_musictrackwithnumber"}}, {"model": "auth.permission", "pk": 37, "fields": {"name": "Can add user", "content_type": 10, "codename": "add_djrdouser"}}, {"model": "auth.permission", "pk": 38, "fields": {"name": "Can change user", "content_type": 10, "codename": "change_djrdouser"}}, {"model": "auth.permission", "pk": 39, "fields": {"name": "Can delete user", "content_type": 10, "codename": "delete_djrdouser"}}, {"model": "auth.permission", "pk": 40, "fields": {"name": "Can view user", "content_type": 10, "codename": "view_djrdouser"}}, {"model": "auth.permission", "pk": 41, "fields": {"name": "Can add music collection", "content_type": 11, "codename": "add_musiccollection"}}, {"model": "auth.permission", "pk": 42, "fields": {"name": "Can change music collection", "content_type": 11, "codename": "change_musiccollection"}}, {"model": "auth.permission", "pk": 43, "fields": {"name": "Can delete music collection", "content_type": 11, "codename": "delete_musiccollection"}}, {"model": "auth.permission", "pk": 44, "fields": {"name": "Can view music collection", "content_type": 11, "codename": "view_musiccollection"}}, {"model": "contenttypes.contenttype", "pk": 1, "fields": {"app_label": "admin", "model": "logentry"}}, {"model": "contenttypes.contenttype", "pk": 2, "fields": {"app_label": "auth", "model": "permission"}}, {"model": "contenttypes.contenttype", "pk": 3, "fields": {"app_label": "auth", "model": "group"}}, {"model": "contenttypes.contenttype", "pk": 4, "fields": {"app_label": "contenttypes", "model": "contenttype"}}, {"model": "contenttypes.contenttype", "pk": 5, "fields": {"app_label": "sessions", "model": "session"}}, {"model": "contenttypes.contenttype", "pk": 6, "fields": {"app_label": "music_importer", "model": "album"}}, {"model": "contenttypes.contenttype", "pk": 7, "fields": {"app_label": "music_importer", "model": "artist"}}, {"model": "contenttypes.contenttype", "pk": 8, "fields": {"app_label": "music_importer", "model": "musictrack"}}, {"model": "contenttypes.contenttype", "pk": 9, "fields": {"app_label": "music_importer", "model": "musictrackwithnumber"}}, {"model": "contenttypes.contenttype", "pk": 10, "fields": {"app_label": "accounts", "model": "djrdouser"}}, {"model": "contenttypes.contenttype", "pk": 11, "fields": {"app_label": "music_collection", "model": "musiccollection"}}, {"model": "sessions.session", "pk": "hrxj6300xxi1c11jpffox2vwi6lf5bsd", "fields": {"session_data": ".eJxVjMsOgjAUBf-la9PQXoTWpXu-gdxXBTVtQmFl_HclYaHbMzPnZUbc1mncqi7jLOZinDn9boT80LwDuWO-Fcslr8tMdlfsQasdiujzerh_BxPW6Vt3HJouAbP0pFEgpFYJPbkIAMFRbMSHlM6OfYudJIrYOHJeNUHkvjfvD_6BOJM:1lUtGR:niMp2XeeoZaBEnN-pUSNS4GAanHGsu8rPRLcdzwwHaE", "expire_date": "2021-04-23T15:41:43.311Z"}}, {"model": "music_importer.artist", "pk": 1, "fields": {"name": "Mahom", "user": 1}}, {"model": "music_importer.artist", "pk": 2, "fields": {"name": "Bisou", "user": 1}}, {"model": "music_importer.artist", "pk": 3, "fields": {"name": "Panda Dub", "user": 1}}, {"model": "music_importer.artist", "pk": 4, "fields": {"name": "Chinese Man", "user": 1}}, {"model": "music_importer.artist", "pk": 5, "fields": {"name": "Chinese Man feat Kendra Morris & Dillon Cooper", "user": 1}}, {"model": "music_importer.artist", "pk": 6, "fields": {"name": "Chinese Man feat Vinnie Dewayne, Myke Bogan & Tre Redeau", "user": 1}}, {"model": "music_importer.artist", "pk": 7, "fields": {"name": "Chinese Man feat Youthstar, Taiwan MC & Illaman", "user": 1}}, {"model": "music_importer.artist", "pk": 8, "fields": {"name": "Chinese Man feat Mariama", "user": 1}}, {"model": "music_importer.artist", "pk": 9, "fields": {"name": "Chinese Man feat R.A. The Rugged Man", "user": 1}}, {"model": "music_importer.artist", "pk": 10, "fields": {"name": "Chinese Man feat A-F-R-O, A.S.M. & Taiwan MC", "user": 1}}, {"model": "music_importer.artist", "pk": 11, "fields": {"name": "Tetra Hydro K", "user": 1}}, {"model": "music_importer.artist", "pk": 12, "fields": {"name": "Gorillaz", "user": 1}}, {"model": "music_importer.artist", "pk": 13, "fields": {"name": "Captain Hook & DJ Gula K", "user": 1}}, {"model": "music_importer.artist", "pk": 14, "fields": {"name": "Perfect Stranger & Human Element", "user": 1}}, {"model": "music_importer.artist", "pk": 15, "fields": {"name": "Ace Ventura & Freedom Fighters", "user": 1}}, {"model": "music_importer.artist", "pk": 16, "fields": {"name": "Symbolic & Ace Ventura", "user": 1}}, {"model": "music_importer.artist", "pk": 17, "fields": {"name": "Sphera & Easy Riders", "user": 1}}, {"model": "music_importer.artist", "pk": 18, "fields": {"name": "Critical Choice", "user": 1}}, {"model": "music_importer.artist", "pk": 19, "fields": {"name": "Phaxe", "user": 1}}, {"model": "music_importer.artist", "pk": 20, "fields": {"name": "Ace Ventura & Lish", "user": 1}}, {"model": "music_importer.artist", "pk": 21, "fields": {"name": "Nanoplex", "user": 1}}, {"model": "music_importer.artist", "pk": 22, "fields": {"name": "Loud", "user": 1}}, {"model": "music_importer.artist", "pk": 23, "fields": {"name": "Freedom Fighters", "user": 1}}, {"model": "music_importer.artist", "pk": 24, "fields": {"name": "Ryanosaurus", "user": 1}}, {"model": "music_importer.artist", "pk": 25, "fields": {"name": "Ace Ventura", "user": 1}}, {"model": "music_importer.artist", "pk": 26, "fields": {"name": "Morten Granau", "user": 1}}, {"model": "music_importer.artist", "pk": 27, "fields": {"name": "Loud & Freedom Fighters", "user": 1}}, {"model": "music_importer.artist", "pk": 28, "fields": {"name": "Tristan", "user": 1}}, {"model": "music_importer.artist", "pk": 29, "fields": {"name": "Liquid Soul", "user": 1}}, {"model": "music_importer.artist", "pk": 30, "fields": {"name": "Timelock", "user": 1}}, {"model": "music_importer.artist", "pk": 31, "fields": {"name": "Kali", "user": 1}}, {"model": "music_importer.artist", "pk": 32, "fields": {"name": "Gaudium", "user": 1}}, {"model": "music_importer.artist", "pk": 33, "fields": {"name": "Sideform", "user": 1}}, {"model": "music_importer.artist", "pk": 34, "fields": {"name": "Vertical Mode & Ace Ventura", "user": 1}}, {"model": "music_importer.artist", "pk": 35, "fields": {"name": "Ben Prunty", "user": 1}}, {"model": "music_importer.album", "pk": 1, "fields": {"name": "The skankin' cat", "artist": null, "user": 1}}, {"model": "music_importer.album", "pk": 2, "fields": {"name": "Musical Spaceship", "artist": null, "user": 1}}, {"model": "music_importer.album", "pk": 3, "fields": {"name": "The Lost Ship", "artist": null, "user": 1}}, {"model": "music_importer.album", "pk": 4, "fields": {"name": "Shikantaza", "artist": null, "user": 1}}, {"model": "music_importer.album", "pk": 5, "fields": {"name": "Labotomie", "artist": null, "user": 1}}, {"model": "music_importer.album", "pk": 6, "fields": {"name": "Infusion De Delay", "artist": null, "user": 1}}, {"model": "music_importer.album", "pk": 7, "fields": {"name": "Plastic Beach", "artist": null, "user": 1}}, {"model": "music_importer.album", "pk": 8, "fields": {"name": "Goa Session By Ace Ventura Vol.4 - CD2", "artist": null, "user": 1}}, {"model": "music_importer.album", "pk": 9, "fields": {"name": "The Encounter", "artist": null, "user": 1}}, {"model": "music_importer.album", "pk": 10, "fields": {"name": "Ace Ventura - Paradise Engeneering", "artist": null, "user": 1}}, {"model": "music_importer.album", "pk": 11, "fields": {"name": "Body Soul", "artist": null, "user": 1}}, {"model": "music_importer.album", "pk": 12, "fields": {"name": "Goa Session Vol.4 CD1", "artist": null, "user": 1}}, {"model": "music_importer.album", "pk": 13, "fields": {"name": "FTL", "artist": null, "user": 1}}, {"model": "music_importer.musictrack", "pk": 1, "fields": {"title": "Sous les étoiles feat Flo", "import_date": "2021-04-09T15:41:48.282Z", "bpm": 85, "artist": 1, "album": 1, "key": "2m", "date_released": "2014-01-01", "user": 1, "genre": null}}, {"model": "music_importer.musictrack", "pk": 2, "fields": {"title": "Trickin upon di track - Panda Dub remix", "import_date": "2021-04-09T15:41:48.295Z", "bpm": 140, "artist": 1, "album": 1, "key": "2m", "date_released": "2014-01-01", "user": 1, "genre": null}}, {"model": "music_importer.musictrack", "pk": 3, "fields": {"title": "Deep in your", "import_date": "2021-04-09T15:41:48.305Z", "bpm": 146, "artist": 1, "album": 1, "key": "9m", "date_released": "2014-01-01", "user": 1, "genre": null}}, {"model": "music_importer.musictrack", "pk": 4, "fields": {"title": "Skankin cat - Gary Wide remix", "import_date": "2021-04-09T15:41:48.316Z", "bpm": 142, "artist": 1, "album": 1, "key": "10m", "date_released": "2014-01-01", "user": 1, "genre": null}}, {"model": "music_importer.musictrack", "pk": 5, "fields": {"title": "Earth feat Art-X", "import_date": "2021-04-09T15:41:48.328Z", "bpm": 136, "artist": 1, "album": 1, "key": "8m", "date_released": "2014-01-01", "user": 1, "genre": null}}, {"model": "music_importer.musictrack", "pk": 6, "fields": {"title": "Rough and tough", "import_date": "2021-04-09T15:41:48.338Z", "bpm": 140, "artist": 1, "album": 1, "key": "10m", "date_released": "2014-01-01", "user": 1, "genre": null}}, {"model": "music_importer.musictrack", "pk": 7, "fields": {"title": "The skankin' cat", "import_date": "2021-04-09T15:41:48.349Z", "bpm": 142, "artist": 1, "album": 1, "key": "10m", "date_released": "2014-01-01", "user": 1, "genre": null}}, {"model": "music_importer.musictrack", "pk": 8, "fields": {"title": "Inna di red", "import_date": "2021-04-09T15:41:48.360Z", "bpm": 142, "artist": 1, "album": 1, "key": "1m", "date_released": "2014-01-01", "user": 1, "genre": null}}, {"model": "music_importer.musictrack", "pk": 9, "fields": {"title": "... de monsieur JACK", "import_date": "2021-04-09T15:41:48.371Z", "bpm": 127, "artist": 1, "album": 1, "key": "4m", "date_released": "2014-01-01", "user": 1, "genre": null}}, {"model": "music_importer.musictrack", "pk": 10, "fields": {"title": "Trouble of the world", "import_date": "2021-04-09T15:41:48.382Z", "bpm": 109, "artist": 1, "album": 1, "key": "11m", "date_released": "2014-01-01", "user": 1, "genre": null}}, {"model": "music_importer.musictrack", "pk": 11, "fields": {"title": "Cerbère", "import_date": "2021-04-09T15:41:48.392Z", "bpm": 125, "artist": 1, "album": 1, "key": "1m", "date_released": "2014-01-01", "user": 1, "genre": null}}, {"model": "music_importer.musictrack", "pk": 12, "fields": {"title": "Don't say you have nerver been told feat Jolly Joseph", "import_date": "2021-04-09T15:41:48.403Z", "bpm": 120, "artist": 1, "album": 1, "key": "7m", "date_released": "2014-01-01", "user": 1, "genre": null}}, {"model": "music_importer.musictrack", "pk": 13, "fields": {"title": "Trickin upon di track feat Simple Spelim", "import_date": "2021-04-09T15:41:48.414Z", "bpm": 140, "artist": 1, "album": 1, "key": "1m", "date_released": "2014-01-01", "user": 1, "genre": null}}, {"model": "music_importer.musictrack", "pk": 14, "fields": {"title": "Bigvoods - Fabasstone (Dub Invaders) remix", "import_date": "2021-04-09T15:41:48.425Z", "bpm": 120, "artist": 1, "album": 1, "key": "3m", "date_released": "2014-01-01", "user": 1, "genre": null}}, {"model": "music_importer.musictrack", "pk": 15, "fields": {"title": "L'étrange skank...", "import_date": "2021-04-09T15:41:48.436Z", "bpm": 120, "artist": 1, "album": 1, "key": "9m", "date_released": "2014-01-01", "user": 1, "genre": null}}, {"model": "music_importer.musictrack", "pk": 16, "fields": {"title": "Bigvoods", "import_date": "2021-04-09T15:41:48.446Z", "bpm": 120, "artist": 1, "album": 1, "key": "3m", "date_released": "2014-01-01", "user": 1, "genre": null}}, {"model": "music_importer.musictrack", "pk": 17, "fields": {"title": "Panda", "import_date": "2021-04-09T15:41:48.462Z", "bpm": 130, "artist": 2, "album": 2, "key": "4m", "date_released": "2018-01-01", "user": 1, "genre": "Dub"}}, {"model": "music_importer.musictrack", "pk": 18, "fields": {"title": "Fusée", "import_date": "2021-04-09T15:41:48.474Z", "bpm": 143, "artist": 2, "album": 2, "key": "11m", "date_released": "2018-01-01", "user": 1, "genre": "Dub"}}, {"model": "music_importer.musictrack", "pk": 19, "fields": {"title": "3 Rounds", "import_date": "2021-04-09T15:41:48.485Z", "bpm": 130, "artist": 2, "album": 2, "key": "6m", "date_released": "2018-01-01", "user": 1, "genre": "Dub"}}, {"model": "music_importer.musictrack", "pk": 20, "fields": {"title": "Industrial", "import_date": "2021-04-09T15:41:48.496Z", "bpm": 130, "artist": 2, "album": 2, "key": "9m", "date_released": "2018-01-01", "user": 1, "genre": "Dub"}}, {"model": "music_importer.musictrack", "pk": 21, "fields": {"title": "Journey of King", "import_date": "2021-04-09T15:41:48.507Z", "bpm": 130, "artist": 2, "album": 2, "key": "5d", "date_released": "2018-01-01", "user": 1, "genre": "Dub"}}, {"model": "music_importer.musictrack", "pk": 22, "fields": {"title": "Reloveolution (ft. Zaira Zen)", "import_date": "2021-04-09T15:41:48.518Z", "bpm": 152, "artist": 2, "album": 2, "key": "1m", "date_released": "2018-01-01", "user": 1, "genre": "Dub"}}, {"model": "music_importer.musictrack", "pk": 23, "fields": {"title": "Breaktrough (ft. Towst)", "import_date": "2021-04-09T15:41:48.528Z", "bpm": 140, "artist": 2, "album": 2, "key": "2m", "date_released": "2018-01-01", "user": 1, "genre": "Dub"}}, {"model": "music_importer.musictrack", "pk": 24, "fields": {"title": "Life", "import_date": "2021-04-09T15:41:48.539Z", "bpm": 135, "artist": 2, "album": 2, "key": "5m", "date_released": "2018-01-01", "user": 1, "genre": "Dub"}}, {"model": "music_importer.musictrack", "pk": 25, "fields": {"title": "Bad Flower", "import_date": "2021-04-09T15:41:48.550Z", "bpm": 145, "artist": 2, "album": 2, "key": "2m", "date_released": "2018-01-01", "user": 1, "genre": "Dub"}}, {"model": "music_importer.musictrack", "pk": 26, "fields": {"title": "Hard Fragility", "import_date": "2021-04-09T15:41:48.561Z", "bpm": 140, "artist": 2, "album": 2, "key": "3m", "date_released": "2018-01-01", "user": 1, "genre": "Dub"}}, {"model": "music_importer.musictrack", "pk": 27, "fields": {"title": "Die Brücke", "import_date": "2021-04-09T15:41:48.577Z", "bpm": 131, "artist": 3, "album": 3, "key": "12m", "date_released": "2015-01-01", "user": 1, "genre": null}}, {"model": "music_importer.musictrack", "pk": 28, "fields": {"title": "Feeling Alive", "import_date": "2021-04-09T15:41:48.588Z", "bpm": 140, "artist": 3, "album": 3, "key": "10m", "date_released": "2015-01-01", "user": 1, "genre": null}}, {"model": "music_importer.musictrack", "pk": 29, "fields": {"title": "Milky Way", "import_date": "2021-04-09T15:41:48.600Z", "bpm": 145, "artist": 3, "album": 3, "key": "4m", "date_released": "2015-01-01", "user": 1, "genre": null}}, {"model": "music_importer.musictrack", "pk": 30, "fields": {"title": "Purple Trip", "import_date": "2021-04-09T15:41:48.611Z", "bpm": 144, "artist": 3, "album": 3, "key": "10m", "date_released": "2015-01-01", "user": 1, "genre": null}}, {"model": "music_importer.musictrack", "pk": 31, "fields": {"title": "Unknown Attack", "import_date": "2021-04-09T15:41:48.622Z", "bpm": 156, "artist": 3, "album": 3, "key": "9m", "date_released": "2015-01-01", "user": 1, "genre": null}}, {"model": "music_importer.musictrack", "pk": 32, "fields": {"title": "Lost Reality", "import_date": "2021-04-09T15:41:48.633Z", "bpm": 140, "artist": 3, "album": 3, "key": "10m", "date_released": "2015-01-01", "user": 1, "genre": null}}, {"model": "music_importer.musictrack", "pk": 33, "fields": {"title": "Hate", "import_date": "2021-04-09T15:41:48.644Z", "bpm": 133, "artist": 3, "album": 3, "key": "11d", "date_released": "2015-01-01", "user": 1, "genre": null}}, {"model": "music_importer.musictrack", "pk": 34, "fields": {"title": "Planet Pillow", "import_date": "2021-04-09T15:41:48.655Z", "bpm": 133, "artist": 3, "album": 3, "key": "10m", "date_released": "2015-01-01", "user": 1, "genre": null}}, {"model": "music_importer.musictrack", "pk": 35, "fields": {"title": "Danse Macabre", "import_date": "2021-04-09T15:41:48.667Z", "bpm": 130, "artist": 3, "album": 3, "key": "2m", "date_released": "2015-01-01", "user": 1, "genre": null}}, {"model": "music_importer.musictrack", "pk": 36, "fields": {"title": "Mayd Hubb meets Joe Pilgrim - Tribute to Yabby You - Panda meets Jamma Dim REMIX", "import_date": "2021-04-09T15:41:48.678Z", "bpm": 145, "artist": 3, "album": 3, "key": "3m", "date_released": "2015-01-01", "user": 1, "genre": null}}, {"model": "music_importer.musictrack", "pk": 37, "fields": {"title": "Anvoyé", "import_date": "2021-04-09T15:41:48.694Z", "bpm": 86, "artist": 4, "album": 4, "key": "9m", "date_released": "2017-01-01", "user": 1, "genre": "Trip Hop"}}, {"model": "music_importer.musictrack", "pk": 38, "fields": {"title": "Liar", "import_date": "2021-04-09T15:41:48.710Z", "bpm": 158, "artist": 5, "album": 4, "key": "1m", "date_released": "2017-01-01", "user": 1, "genre": "Trip Hop"}}, {"model": "music_importer.musictrack", "pk": 39, "fields": {"title": "Golden Age", "import_date": "2021-04-09T15:41:48.721Z", "bpm": 144, "artist": 4, "album": 4, "key": "7m", "date_released": "2017-01-01", "user": 1, "genre": "Trip Hop"}}, {"model": "music_importer.musictrack", "pk": 40, "fields": {"title": "Goodnight", "import_date": "2021-04-09T15:41:48.732Z", "bpm": 136, "artist": 4, "album": 4, "key": "1m", "date_released": "2017-01-01", "user": 1, "genre": "Trip Hop"}}, {"model": "music_importer.musictrack", "pk": 41, "fields": {"title": "What You Need", "import_date": "2021-04-09T15:41:48.748Z", "bpm": 86, "artist": 6, "album": 4, "key": "3d", "date_released": "2017-01-01", "user": 1, "genre": "Trip Hop"}}, {"model": "music_importer.musictrack", "pk": 42, "fields": {"title": "Warriors", "import_date": "2021-04-09T15:41:48.759Z", "bpm": 144, "artist": 4, "album": 4, "key": "12m", "date_released": "2017-01-01", "user": 1, "genre": "Trip Hop"}}, {"model": "music_importer.musictrack", "pk": 43, "fields": {"title": "Step Back", "import_date": "2021-04-09T15:41:48.770Z", "bpm": 140, "artist": 4, "album": 4, "key": "1m", "date_released": "2017-01-01", "user": 1, "genre": "Trip Hop"}}, {"model": "music_importer.musictrack", "pk": 44, "fields": {"title": "Blah! Featuring Youthstar, Taiwan MC, Illaman", "import_date": "2021-04-09T15:41:48.785Z", "bpm": 156, "artist": 7, "album": 4, "key": "1m", "date_released": "2017-01-01", "user": 1, "genre": "Trip Hop"}}, {"model": "music_importer.musictrack", "pk": 45, "fields": {"title": "Shikantaza", "import_date": "2021-04-09T15:41:48.796Z", "bpm": 144, "artist": 4, "album": 4, "key": "1m", "date_released": "2017-01-01", "user": 1, "genre": "Trip Hop"}}, {"model": "music_importer.musictrack", "pk": 46, "fields": {"title": "Wolf", "import_date": "2021-04-09T15:41:48.807Z", "bpm": 84, "artist": 4, "album": 4, "key": "2m", "date_released": "2017-01-01", "user": 1, "genre": "Trip Hop"}}, {"model": "music_importer.musictrack", "pk": 47, "fields": {"title": "Stone Cold", "import_date": "2021-04-09T15:41:48.822Z", "bpm": 93, "artist": 8, "album": 4, "key": "10m", "date_released": "2017-01-01", "user": 1, "genre": "Trip Hop"}}, {"model": "music_importer.musictrack", "pk": 48, "fields": {"title": "L'aurore", "import_date": "2021-04-09T15:41:48.834Z", "bpm": 85, "artist": 4, "album": 4, "key": "1m", "date_released": "2017-01-01", "user": 1, "genre": "Trip Hop"}}, {"model": "music_importer.musictrack", "pk": 49, "fields": {"title": "Escape", "import_date": "2021-04-09T15:41:48.844Z", "bpm": 107, "artist": 4, "album": 4, "key": "2m", "date_released": "2017-01-01", "user": 1, "genre": "Trip Hop"}}, {"model": "music_importer.musictrack", "pk": 50, "fields": {"title": "Modern Slave", "import_date": "2021-04-09T15:41:48.860Z", "bpm": 94, "artist": 9, "album": 4, "key": "12m", "date_released": "2017-01-01", "user": 1, "genre": "Trip Hop"}}, {"model": "music_importer.musictrack", "pk": 51, "fields": {"title": "The New Crown", "import_date": "2021-04-09T15:41:48.875Z", "bpm": 80, "artist": 10, "album": 4, "key": "1m", "date_released": "2017-01-01", "user": 1, "genre": "Trip Hop"}}, {"model": "music_importer.musictrack", "pk": 52, "fields": {"title": "Maläd", "import_date": "2021-04-09T15:41:48.887Z", "bpm": 128, "artist": 4, "album": 4, "key": "12m", "date_released": "2017-01-01", "user": 1, "genre": "Trip Hop"}}, {"model": "music_importer.musictrack", "pk": 53, "fields": {"title": "Playmobil knight", "import_date": "2021-04-09T15:41:48.903Z", "bpm": 140, "artist": 11, "album": 5, "key": "11m", "date_released": "2016-01-01", "user": 1, "genre": "Other"}}, {"model": "music_importer.musictrack", "pk": 54, "fields": {"title": "Exode feat Panda Dub", "import_date": "2021-04-09T15:41:48.914Z", "bpm": 140, "artist": 11, "album": 5, "key": "1m", "date_released": "2016-01-01", "user": 1, "genre": "Other"}}, {"model": "music_importer.musictrack", "pk": 55, "fields": {"title": "I try feat Sama Renuka", "import_date": "2021-04-09T15:41:48.926Z", "bpm": 133, "artist": 11, "album": 5, "key": "6m", "date_released": "2016-01-01", "user": 1, "genre": "Other"}}, {"model": "music_importer.musictrack", "pk": 56, "fields": {"title": "K'n Bass", "import_date": "2021-04-09T15:41:48.937Z", "bpm": 86, "artist": 11, "album": 5, "key": "4m", "date_released": "2016-01-01", "user": 1, "genre": "Other"}}, {"model": "music_importer.musictrack", "pk": 57, "fields": {"title": "Nampoux", "import_date": "2021-04-09T15:41:48.947Z", "bpm": 87, "artist": 11, "album": 5, "key": "9m", "date_released": "2016-01-01", "user": 1, "genre": "Other"}}, {"model": "music_importer.musictrack", "pk": 58, "fields": {"title": "B is the key feat Saadji", "import_date": "2021-04-09T15:41:48.958Z", "bpm": 148, "artist": 11, "album": 5, "key": "8m", "date_released": "2016-01-01", "user": 1, "genre": "Other"}}, {"model": "music_importer.musictrack", "pk": 59, "fields": {"title": "Tetra Hydro Kamasutra", "import_date": "2021-04-09T15:41:48.968Z", "bpm": 140, "artist": 11, "album": 5, "key": "2m", "date_released": "2016-01-01", "user": 1, "genre": "Other"}}, {"model": "music_importer.musictrack", "pk": 60, "fields": {"title": "Grand Hotel Sub Bass", "import_date": "2021-04-09T15:41:48.979Z", "bpm": 153, "artist": 11, "album": 5, "key": "9m", "date_released": "2016-01-01", "user": 1, "genre": "Other"}}, {"model": "music_importer.musictrack", "pk": 61, "fields": {"title": "Karnage", "import_date": "2021-04-09T15:41:48.989Z", "bpm": 148, "artist": 11, "album": 5, "key": "9m", "date_released": "2016-01-01", "user": 1, "genre": "Other"}}, {"model": "music_importer.musictrack", "pk": 62, "fields": {"title": "Tetra Hydro khemistry", "import_date": "2021-04-09T15:41:49.000Z", "bpm": 140, "artist": 11, "album": 5, "key": "9m", "date_released": "2016-01-01", "user": 1, "genre": "Other"}}, {"model": "music_importer.musictrack", "pk": 63, "fields": {"title": "Tetra Hydro Booster", "import_date": "2021-04-09T15:41:49.011Z", "bpm": 137, "artist": 11, "album": 6, "key": "11m", "date_released": "2014-01-01", "user": 1, "genre": null}}, {"model": "music_importer.musictrack", "pk": 64, "fields": {"title": "Steppa To Trance", "import_date": "2021-04-09T15:41:49.022Z", "bpm": 150, "artist": 11, "album": 6, "key": "3m", "date_released": "2014-01-01", "user": 1, "genre": null}}, {"model": "music_importer.musictrack", "pk": 65, "fields": {"title": "Ghost Dub", "import_date": "2021-04-09T15:41:49.032Z", "bpm": 150, "artist": 11, "album": 6, "key": "1m", "date_released": "2014-01-01", "user": 1, "genre": null}}, {"model": "music_importer.musictrack", "pk": 66, "fields": {"title": "Steppa Supra Dark", "import_date": "2021-04-09T15:41:49.043Z", "bpm": 140, "artist": 11, "album": 6, "key": "9m", "date_released": "2014-01-01", "user": 1, "genre": null}}, {"model": "music_importer.musictrack", "pk": 67, "fields": {"title": "Orchestral Intro", "import_date": "2021-04-09T15:42:31.784Z", "bpm": null, "artist": 12, "album": 7, "key": null, "date_released": "2010-01-01", "user": 1, "genre": null}}, {"model": "music_importer.musictrack", "pk": 68, "fields": {"title": "On Melancholy Hill", "import_date": "2021-04-09T15:42:31.797Z", "bpm": null, "artist": 12, "album": 7, "key": null, "date_released": "2010-01-01", "user": 1, "genre": null}}, {"model": "music_importer.musictrack", "pk": 69, "fields": {"title": "Glitter Freeze", "import_date": "2021-04-09T15:42:31.808Z", "bpm": null, "artist": 12, "album": 7, "key": null, "date_released": "2010-01-01", "user": 1, "genre": null}}, {"model": "music_importer.musictrack", "pk": 70, "fields": {"title": "Superfast Jellyfish", "import_date": "2021-04-09T15:42:31.819Z", "bpm": null, "artist": 12, "album": 7, "key": null, "date_released": "2010-01-01", "user": 1, "genre": null}}, {"model": "music_importer.musictrack", "pk": 71, "fields": {"title": "Pirate's Progress", "import_date": "2021-04-09T15:42:31.829Z", "bpm": null, "artist": 12, "album": 7, "key": null, "date_released": "2010-01-01", "user": 1, "genre": null}}, {"model": "music_importer.musictrack", "pk": 72, "fields": {"title": "To Binge", "import_date": "2021-04-09T15:42:31.840Z", "bpm": null, "artist": 12, "album": 7, "key": null, "date_released": "2010-01-01", "user": 1, "genre": null}}, {"model": "music_importer.musictrack", "pk": 73, "fields": {"title": "Rhinestone Eyes", "import_date": "2021-04-09T15:42:31.851Z", "bpm": null, "artist": 12, "album": 7, "key": null, "date_released": "2010-01-01", "user": 1, "genre": null}}, {"model": "music_importer.musictrack", "pk": 74, "fields": {"title": "Plastic Beach", "import_date": "2021-04-09T15:42:31.861Z", "bpm": null, "artist": 12, "album": 7, "key": null, "date_released": "2010-01-01", "user": 1, "genre": null}}, {"model": "music_importer.musictrack", "pk": 75, "fields": {"title": "Stylo", "import_date": "2021-04-09T15:42:31.873Z", "bpm": null, "artist": 12, "album": 7, "key": null, "date_released": "2010-01-01", "user": 1, "genre": null}}, {"model": "music_importer.musictrack", "pk": 76, "fields": {"title": "White Flag", "import_date": "2021-04-09T15:42:31.884Z", "bpm": null, "artist": 12, "album": 7, "key": null, "date_released": "2010-01-01", "user": 1, "genre": null}}, {"model": "music_importer.musictrack", "pk": 77, "fields": {"title": "Empire Ants", "import_date": "2021-04-09T15:42:31.895Z", "bpm": null, "artist": 12, "album": 7, "key": null, "date_released": "2010-01-01", "user": 1, "genre": null}}, {"model": "music_importer.musictrack", "pk": 78, "fields": {"title": "Pirate Jet", "import_date": "2021-04-09T15:42:31.907Z", "bpm": null, "artist": 12, "album": 7, "key": null, "date_released": "2010-01-01", "user": 1, "genre": null}}, {"model": "music_importer.musictrack", "pk": 79, "fields": {"title": "Sweepstakes", "import_date": "2021-04-09T15:42:31.918Z", "bpm": null, "artist": 12, "album": 7, "key": null, "date_released": "2010-01-01", "user": 1, "genre": null}}, {"model": "music_importer.musictrack", "pk": 80, "fields": {"title": "Some Kind Of Nature", "import_date": "2021-04-09T15:42:31.929Z", "bpm": null, "artist": 12, "album": 7, "key": null, "date_released": "2010-01-01", "user": 1, "genre": null}}, {"model": "music_importer.musictrack", "pk": 81, "fields": {"title": "Three Hearts, Seven Seas, Twelve Moons", "import_date": "2021-04-09T15:42:31.940Z", "bpm": null, "artist": 12, "album": 7, "key": null, "date_released": "2010-01-01", "user": 1, "genre": null}}, {"model": "music_importer.musictrack", "pk": 82, "fields": {"title": "Cloud Of Unknowing", "import_date": "2021-04-09T15:42:31.950Z", "bpm": null, "artist": 12, "album": 7, "key": null, "date_released": "2010-01-01", "user": 1, "genre": null}}, {"model": "music_importer.musictrack", "pk": 83, "fields": {"title": "Broken", "import_date": "2021-04-09T15:42:31.961Z", "bpm": null, "artist": 12, "album": 7, "key": null, "date_released": "2010-01-01", "user": 1, "genre": null}}, {"model": "music_importer.musictrack", "pk": 84, "fields": {"title": "Welcome To The World Of The Plastic Beach", "import_date": "2021-04-09T15:42:31.971Z", "bpm": null, "artist": 12, "album": 7, "key": null, "date_released": "2010-01-01", "user": 1, "genre": null}}, {"model": "music_importer.musictrack", "pk": 85, "fields": {"title": "Consciousness", "import_date": "2021-04-09T15:42:39.371Z", "bpm": 139, "artist": 13, "album": 8, "key": "9m", "date_released": "2015-01-01", "user": 1, "genre": null}}, {"model": "music_importer.musictrack", "pk": 86, "fields": {"title": "Himmelrich", "import_date": "2021-04-09T15:42:39.388Z", "bpm": 128, "artist": 14, "album": 8, "key": "7m", "date_released": "2015-01-01", "user": 1, "genre": null}}, {"model": "music_importer.musictrack", "pk": 87, "fields": {"title": "The Encounter (Ryanosaurus Rmx)", "import_date": "2021-04-09T15:42:39.405Z", "bpm": 135, "artist": 15, "album": 8, "key": "2m", "date_released": "2015-01-01", "user": 1, "genre": null}}, {"model": "music_importer.musictrack", "pk": 88, "fields": {"title": "Prime Time (GMS Rmx)", "import_date": "2021-04-09T15:42:39.421Z", "bpm": 136, "artist": 16, "album": 8, "key": "8m", "date_released": "2015-01-01", "user": 1, "genre": null}}, {"model": "music_importer.musictrack", "pk": 89, "fields": {"title": "Good Times", "import_date": "2021-04-09T15:42:39.437Z", "bpm": 135, "artist": 17, "album": 8, "key": "6m", "date_released": "2015-01-01", "user": 1, "genre": null}}, {"model": "music_importer.musictrack", "pk": 90, "fields": {"title": "Animals", "import_date": "2021-04-09T15:42:39.454Z", "bpm": 134, "artist": 18, "album": 8, "key": "9m", "date_released": "2015-01-01", "user": 1, "genre": null}}, {"model": "music_importer.musictrack", "pk": 91, "fields": {"title": "Kondi (Rocky Rmx )", "import_date": "2021-04-09T15:42:39.471Z", "bpm": 132, "artist": 19, "album": 8, "key": "1m", "date_released": "2015-01-01", "user": 1, "genre": null}}, {"model": "music_importer.musictrack", "pk": 92, "fields": {"title": "The Light (Astrix Rmx )", "import_date": "2021-04-09T15:42:39.489Z", "bpm": 135, "artist": 20, "album": 8, "key": "4m", "date_released": "2015-01-01", "user": 1, "genre": null}}, {"model": "music_importer.musictrack", "pk": 93, "fields": {"title": "The Droog (Hedflux Rmx)", "import_date": "2021-04-09T15:42:39.505Z", "bpm": 132, "artist": 21, "album": 8, "key": "4m", "date_released": "2015-01-01", "user": 1, "genre": null}}, {"model": "music_importer.musictrack", "pk": 94, "fields": {"title": "The Encounter", "import_date": "2021-04-09T15:42:39.522Z", "bpm": 103, "artist": 22, "album": 9, "key": "2m", "date_released": null, "user": 1, "genre": null}}, {"model": "music_importer.musictrack", "pk": 95, "fields": {"title": "The Encounter", "import_date": "2021-04-09T15:42:39.539Z", "bpm": 138, "artist": 23, "album": 9, "key": "2m", "date_released": null, "user": 1, "genre": null}}, {"model": "music_importer.musictrack", "pk": 96, "fields": {"title": "The Encounter", "import_date": "2021-04-09T15:42:39.555Z", "bpm": 90, "artist": 24, "album": 9, "key": "2m", "date_released": null, "user": 1, "genre": null}}, {"model": "music_importer.musictrack", "pk": 97, "fields": {"title": "5.Ace Ventura - Stomping Ground (Album Edit) 16bit Master", "import_date": "2021-04-09T15:42:39.571Z", "bpm": 136, "artist": 25, "album": 10, "key": "2m", "date_released": "2015-01-01", "user": 1, "genre": "Trance"}}, {"model": "music_importer.musictrack", "pk": 98, "fields": {"title": "4.Ace Ventura & Astrix - Pranava 16bit Master", "import_date": "2021-04-09T15:42:39.582Z", "bpm": 138, "artist": 25, "album": 10, "key": "11m", "date_released": "2015-01-01", "user": 1, "genre": "Trance"}}, {"model": "music_importer.musictrack", "pk": 99, "fields": {"title": "BONUS TRACK - Ace Ventura - Brave new world 16bit Master", "import_date": "2021-04-09T15:42:39.592Z", "bpm": 95, "artist": 25, "album": 10, "key": "12m", "date_released": "2015-01-01", "user": 1, "genre": "Trance"}}, {"model": "music_importer.musictrack", "pk": 100, "fields": {"title": "1.Ace Ventura - Going Back 16bit Master", "import_date": "2021-04-09T15:42:39.603Z", "bpm": 130, "artist": 25, "album": 10, "key": "5m", "date_released": "2015-01-01", "user": 1, "genre": "Trance"}}, {"model": "music_importer.musictrack", "pk": 101, "fields": {"title": "8.Ace Ventura & Loud - Our Moment 16bit Master fix", "import_date": "2021-04-09T15:42:39.614Z", "bpm": 135, "artist": 25, "album": 10, "key": "6m", "date_released": "2015-01-01", "user": 1, "genre": "Trance"}}, {"model": "music_importer.musictrack", "pk": 102, "fields": {"title": "7.Ace Ventura & Liquid Soul - Neurochemistry 16bit Master", "import_date": "2021-04-09T15:42:39.624Z", "bpm": 137, "artist": 25, "album": 10, "key": "11m", "date_released": "2015-01-01", "user": 1, "genre": "Trance"}}, {"model": "music_importer.musictrack", "pk": 103, "fields": {"title": "3.Ace Ventura & Juno reactor - Ingonyama 16bit Master", "import_date": "2021-04-09T15:42:39.634Z", "bpm": 137, "artist": 25, "album": 10, "key": "7m", "date_released": "2015-01-01", "user": 1, "genre": "Trance"}}, {"model": "music_importer.musictrack", "pk": 104, "fields": {"title": "6.Ace Ventura & Symbolic - The World That You Know 16bit Master", "import_date": "2021-04-09T15:42:39.645Z", "bpm": 138, "artist": 25, "album": 10, "key": "4m", "date_released": "2015-01-01", "user": 1, "genre": "Trance"}}, {"model": "music_importer.musictrack", "pk": 105, "fields": {"title": "2.Ace Ventura & Zen Mechanics - Come With Us 16bit Master", "import_date": "2021-04-09T15:42:39.656Z", "bpm": 136, "artist": 25, "album": 10, "key": "6m", "date_released": "2015-01-01", "user": 1, "genre": "Trance"}}, {"model": "music_importer.musictrack", "pk": 106, "fields": {"title": "Body Soul", "import_date": "2021-04-09T15:42:39.672Z", "bpm": 137, "artist": 26, "album": 11, "key": "9m", "date_released": null, "user": 1, "genre": null}}, {"model": "music_importer.musictrack", "pk": 107, "fields": {"title": "Body Soul", "import_date": "2021-04-09T15:42:39.683Z", "bpm": 137, "artist": 25, "album": 11, "key": "9m", "date_released": null, "user": 1, "genre": null}}, {"model": "music_importer.musictrack", "pk": 108, "fields": {"title": "Maximum Overdrive (Filteria Remix)", "import_date": "2021-04-09T15:42:39.694Z", "bpm": 83, "artist": 25, "album": 12, "key": "6m", "date_released": "2015-01-01", "user": 1, "genre": "Psychedelic"}}, {"model": "music_importer.musictrack", "pk": 109, "fields": {"title": "Zapped", "import_date": "2021-04-09T15:42:39.710Z", "bpm": 138, "artist": 27, "album": 12, "key": "7m", "date_released": "2015-01-01", "user": 1, "genre": "Psychedelic"}}, {"model": "music_importer.musictrack", "pk": 110, "fields": {"title": "Parallel Reality", "import_date": "2021-04-09T15:42:39.726Z", "bpm": 138, "artist": 28, "album": 12, "key": "12m", "date_released": "2015-01-01", "user": 1, "genre": "Psychedelic"}}, {"model": "music_importer.musictrack", "pk": 111, "fields": {"title": "Faith", "import_date": "2021-04-09T15:42:39.741Z", "bpm": 137, "artist": 29, "album": 12, "key": "4m", "date_released": "2015-01-01", "user": 1, "genre": "Psychedelic"}}, {"model": "music_importer.musictrack", "pk": 112, "fields": {"title": "Muto", "import_date": "2021-04-09T15:42:39.758Z", "bpm": 136, "artist": 30, "album": 12, "key": "4m", "date_released": "2015-01-01", "user": 1, "genre": "Psychedelic"}}, {"model": "music_importer.musictrack", "pk": 113, "fields": {"title": "Typology (Lifeforms Remix)", "import_date": "2021-04-09T15:42:39.773Z", "bpm": 138, "artist": 31, "album": 12, "key": "6m", "date_released": "2015-01-01", "user": 1, "genre": "Psychedelic"}}, {"model": "music_importer.musictrack", "pk": 114, "fields": {"title": "Original Sourze", "import_date": "2021-04-09T15:42:39.789Z", "bpm": 136, "artist": 32, "album": 12, "key": "2m", "date_released": "2015-01-01", "user": 1, "genre": "Psychedelic"}}, {"model": "music_importer.musictrack", "pk": 115, "fields": {"title": "Galactic Shine", "import_date": "2021-04-09T15:42:39.805Z", "bpm": 138, "artist": 33, "album": 12, "key": "7d", "date_released": "2015-01-01", "user": 1, "genre": "Psychedelic"}}, {"model": "music_importer.musictrack", "pk": 116, "fields": {"title": "Vertical Ace", "import_date": "2021-04-09T15:42:39.821Z", "bpm": 138, "artist": 34, "album": 12, "key": "9m", "date_released": "2015-01-01", "user": 1, "genre": "Psychedelic"}}, {"model": "music_importer.musictrack", "pk": 117, "fields": {"title": "Rockmen (Battle)", "import_date": "2021-04-09T15:42:45.229Z", "bpm": 103, "artist": 35, "album": 13, "key": "10m", "date_released": "2012-01-01", "user": 1, "genre": null}}, {"model": "music_importer.musictrack", "pk": 118, "fields": {"title": "Engi (Explore)", "import_date": "2021-04-09T15:42:45.241Z", "bpm": 120, "artist": 35, "album": 13, "key": "3m", "date_released": "2012-01-01", "user": 1, "genre": null}}, {"model": "music_importer.musictrack", "pk": 119, "fields": {"title": "Colonial (Battle)", "import_date": "2021-04-09T15:42:45.252Z", "bpm": 82, "artist": 35, "album": 13, "key": "7m", "date_released": "2012-01-01", "user": 1, "genre": null}}, {"model": "music_importer.musictrack", "pk": 120, "fields": {"title": "Debris (Explore)", "import_date": "2021-04-09T15:42:45.263Z", "bpm": 120, "artist": 35, "album": 13, "key": "10m", "date_released": "2012-01-01", "user": 1, "genre": null}}, {"model": "music_importer.musictrack", "pk": 121, "fields": {"title": "Zoltan (Battle)", "import_date": "2021-04-09T15:42:45.273Z", "bpm": 161, "artist": 35, "album": 13, "key": "5m", "date_released": "2012-01-01", "user": 1, "genre": null}}, {"model": "music_importer.musictrack", "pk": 122, "fields": {"title": "Mantis (Explore)", "import_date": "2021-04-09T15:42:45.284Z", "bpm": 125, "artist": 35, "album": 13, "key": "11m", "date_released": "2012-01-01", "user": 1, "genre": null}}, {"model": "music_importer.musictrack", "pk": 123, "fields": {"title": "Wasteland (Explore)", "import_date": "2021-04-09T15:42:45.295Z", "bpm": 85, "artist": 35, "album": 13, "key": "12m", "date_released": "2012-01-01", "user": 1, "genre": null}}, {"model": "music_importer.musictrack", "pk": 124, "fields": {"title": "Last Stand", "import_date": "2021-04-09T15:42:45.305Z", "bpm": 120, "artist": 35, "album": 13, "key": "5m", "date_released": "2012-01-01", "user": 1, "genre": null}}, {"model": "music_importer.musictrack", "pk": 125, "fields": {"title": "MilkyWay (Explore)", "import_date": "2021-04-09T15:42:45.316Z", "bpm": 125, "artist": 35, "album": 13, "key": "2m", "date_released": "2012-01-01", "user": 1, "genre": null}}, {"model": "music_importer.musictrack", "pk": 126, "fields": {"title": "BONUS Federation", "import_date": "2021-04-09T15:42:45.326Z", "bpm": 124, "artist": 35, "album": 13, "key": "3m", "date_released": "2012-01-01", "user": 1, "genre": null}}, {"model": "music_importer.musictrack", "pk": 127, "fields": {"title": "Space Cruise (Title)", "import_date": "2021-04-09T15:42:45.337Z", "bpm": 100, "artist": 35, "album": 13, "key": "7m", "date_released": "2012-01-01", "user": 1, "genre": null}}, {"model": "music_importer.musictrack", "pk": 128, "fields": {"title": "Zoltan (Explore)", "import_date": "2021-04-09T15:42:45.348Z", "bpm": 80, "artist": 35, "album": 13, "key": "5m", "date_released": "2012-01-01", "user": 1, "genre": null}}, {"model": "music_importer.musictrack", "pk": 129, "fields": {"title": "Cosmos (Battle)", "import_date": "2021-04-09T15:42:45.359Z", "bpm": 120, "artist": 35, "album": 13, "key": "6m", "date_released": "2012-01-01", "user": 1, "genre": null}}, {"model": "music_importer.musictrack", "pk": 130, "fields": {"title": "MilkyWay (Battle)", "import_date": "2021-04-09T15:42:45.369Z", "bpm": 125, "artist": 35, "album": 13, "key": "2m", "date_released": "2012-01-01", "user": 1, "genre": null}}, {"model": "music_importer.musictrack", "pk": 131, "fields": {"title": "Deepspace (Battle)", "import_date": "2021-04-09T15:42:45.380Z", "bpm": 116, "artist": 35, "album": 13, "key": "10m", "date_released": "2012-01-01", "user": 1, "genre": null}}, {"model": "music_importer.musictrack", "pk": 132, "fields": {"title": "BONUS Horror", "import_date": "2021-04-09T15:42:45.390Z", "bpm": 132, "artist": 35, "album": 13, "key": "12m", "date_released": "2012-01-01", "user": 1, "genre": null}}, {"model": "music_importer.musictrack", "pk": 133, "fields": {"title": "Void (Explore)", "import_date": "2021-04-09T15:42:45.401Z", "bpm": 134, "artist": 35, "album": 13, "key": "1m", "date_released": "2012-01-01", "user": 1, "genre": null}}, {"model": "music_importer.musictrack", "pk": 134, "fields": {"title": "Victory", "import_date": "2021-04-09T15:42:45.411Z", "bpm": 102, "artist": 35, "album": 13, "key": "6d", "date_released": "2012-01-01", "user": 1, "genre": null}}, {"model": "music_importer.musictrack", "pk": 135, "fields": {"title": "Mantis (Battle)", "import_date": "2021-04-09T15:42:45.422Z", "bpm": 125, "artist": 35, "album": 13, "key": "11m", "date_released": "2012-01-01", "user": 1, "genre": null}}, {"model": "music_importer.musictrack", "pk": 136, "fields": {"title": "Void (Battle)", "import_date": "2021-04-09T15:42:45.433Z", "bpm": 156, "artist": 35, "album": 13, "key": "9m", "date_released": "2012-01-01", "user": 1, "genre": null}}, {"model": "music_importer.musictrack", "pk": 137, "fields": {"title": "Rockmen (Explore)", "import_date": "2021-04-09T15:42:45.444Z", "bpm": 103, "artist": 35, "album": 13, "key": "10m", "date_released": "2012-01-01", "user": 1, "genre": null}}, {"model": "music_importer.musictrack", "pk": 138, "fields": {"title": "Colonial (Explore)", "import_date": "2021-04-09T15:42:45.454Z", "bpm": 82, "artist": 35, "album": 13, "key": "7m", "date_released": "2012-01-01", "user": 1, "genre": null}}, {"model": "music_importer.musictrack", "pk": 139, "fields": {"title": "Deepspace (Explore)", "import_date": "2021-04-09T15:42:45.465Z", "bpm": 130, "artist": 35, "album": 13, "key": "8m", "date_released": "2012-01-01", "user": 1, "genre": null}}, {"model": "music_importer.musictrack", "pk": 140, "fields": {"title": "Debris (Battle)", "import_date": "2021-04-09T15:42:45.476Z", "bpm": 84, "artist": 35, "album": 13, "key": "10m", "date_released": "2012-01-01", "user": 1, "genre": null}}, {"model": "music_importer.musictrack", "pk": 141, "fields": {"title": "Engi (Battle)", "import_date": "2021-04-09T15:42:45.486Z", "bpm": 120, "artist": 35, "album": 13, "key": "3m", "date_released": "2012-01-01", "user": 1, "genre": null}}, {"model": "music_importer.musictrack", "pk": 142, "fields": {"title": "Civil (Battle)", "import_date": "2021-04-09T15:42:45.497Z", "bpm": 125, "artist": 35, "album": 13, "key": "12m", "date_released": "2012-01-01", "user": 1, "genre": null}}, {"model": "music_importer.musictrack", "pk": 143, "fields": {"title": "Wasteland (Battle)", "import_date": "2021-04-09T15:42:45.508Z", "bpm": 85, "artist": 35, "album": 13, "key": "12m", "date_released": "2012-01-01", "user": 1, "genre": null}}, {"model": "music_importer.musictrack", "pk": 144, "fields": {"title": "Civil (Explore)", "import_date": "2021-04-09T15:42:45.519Z", "bpm": 93, "artist": 35, "album": 13, "key": "3d", "date_released": "2012-01-01", "user": 1, "genre": null}}, {"model": "music_importer.musictrack", "pk": 145, "fields": {"title": "Cosmos (Explore)", "import_date": "2021-04-09T15:42:45.530Z", "bpm": 134, "artist": 35, "album": 13, "key": "8d", "date_released": "2012-01-01", "user": 1, "genre": null}}, {"model": "accounts.djrdouser", "pk": 1, "fields": {"password": "argon2$argon2id$v=19$m=102400,t=2,p=8$ODJVZTF2Z0Q0WjlzcElqSzVISk96Yg$A1PpEuoJjuObs2kUvFbTLA", "last_login": "2021-04-09T15:41:43.306Z", "is_superuser": false, "username": "demo", "first_name": "", "last_name": "", "is_staff": false, "is_active": true, "date_joined": "2021-04-09T15:41:40.739Z", "email": "demo@demo.demo", "groups": [], "user_permissions": []}}]