[
{
    "model": "sessions.session",
    "pk": "teny3zqukk9y8ssosx2mz0gjtahj23lz",
    "fields": {
        "session_data": ".eJxVjMsOwiAURP-FtSE8RMCl-34DudwLUjWQlHZl_Hdp0oVmdnPOzJsF2NYStp6WMBO7MslOv10EfKa6A3pAvTeOra7LHPmu8IN2PjVKr9vh_h0U6GWswUVrjBIXJQGNViNC2CRk1p5QZ9TGOXvOWQ0vEoACq73SHo0kC4J9vr2tNyw:1lXnFn:3FkR8v-qN-cXimgJ3obJ9Yo4119rkw7kmzmUV7rijgg",
        "expire_date": "2021-05-01T15:53:03.996Z"
    }
},
{
    "model": "music.musictrackwithnumber",
    "pk": 1,
    "fields": {
        "number": 1,
        "track_ptr": 2,
        "collection": 2
    }
},
{
    "model": "music.musictrackwithnumber",
    "pk": 2,
    "fields": {
        "number": 2,
        "track_ptr": 1,
        "collection": 2
    }
},
{
    "model": "music.musictrackwithnumber",
    "pk": 3,
    "fields": {
        "number": 3,
        "track_ptr": 6,
        "collection": 2
    }
},
{
    "model": "music.musictrackwithnumber",
    "pk": 4,
    "fields": {
        "number": 4,
        "track_ptr": 9,
        "collection": 2
    }
},
{
    "model": "music.musictrackwithnumber",
    "pk": 5,
    "fields": {
        "number": 5,
        "track_ptr": 39,
        "collection": 2
    }
},
{
    "model": "music.musictrackwithnumber",
    "pk": 6,
    "fields": {
        "number": 6,
        "track_ptr": 37,
        "collection": 2
    }
},
{
    "model": "accounts.djrdouser",
    "pk": 1,
    "fields": {
        "password": "argon2$argon2id$v=19$m=102400,t=2,p=8$Ykc5SVNIcEJzS3ptejFGdmh0dlpnWA$w9pQ08DNacUKk+5OEZmE9Q",
        "last_login": "2021-04-17T15:53:03.970Z",
        "is_superuser": false,
        "username": "demo",
        "first_name": "",
        "last_name": "",
        "is_staff": false,
        "is_active": true,
        "date_joined": "2021-04-17T15:53:00.495Z",
        "email": "demo@noemail.com",
        "groups": [],
        "user_permissions": []
    }
},
{
    "model": "music_collection.musiccollection",
    "pk": 1,
    "fields": {
        "title": "",
        "date_created": "2021-04-17T16:24:54.329Z",
        "user": [
            "demo"
        ]
    }
},
{
    "model": "music_collection.musiccollection",
    "pk": 2,
    "fields": {
        "title": "Cool sounds",
        "date_created": "2021-04-17T16:25:01.407Z",
        "user": [
            "demo"
        ]
    }
},
{
    "model": "music.musictrack",
    "pk": 1,
    "fields": {
        "title": "Laser Sharks",
        "import_date": "2021-04-17T15:53:21.952Z",
        "bpm": 85,
        "artist": 1,
        "album": 1,
        "key": "12m",
        "date_released": "2014-01-01",
        "user": [
            "demo"
        ],
        "genre": null
    }
},
{
    "model": "music.musictrack",
    "pk": 2,
    "fields": {
        "title": "Nebula",
        "import_date": "2021-04-17T15:53:22.010Z",
        "bpm": 113,
        "artist": 1,
        "album": 1,
        "key": "1m",
        "date_released": "2014-01-01",
        "user": [
            "demo"
        ],
        "genre": null
    }
},
{
    "model": "music.musictrack",
    "pk": 3,
    "fields": {
        "title": "Quest",
        "import_date": "2021-04-17T15:53:22.064Z",
        "bpm": 127,
        "artist": 1,
        "album": 1,
        "key": "5m",
        "date_released": "2014-01-01",
        "user": [
            "demo"
        ],
        "genre": null
    }
},
{
    "model": "music.musictrack",
    "pk": 4,
    "fields": {
        "title": "Venom",
        "import_date": "2021-04-17T15:53:22.121Z",
        "bpm": 116,
        "artist": 1,
        "album": 1,
        "key": "2d",
        "date_released": "2014-01-01",
        "user": [
            "demo"
        ],
        "genre": null
    }
},
{
    "model": "music.musictrack",
    "pk": 5,
    "fields": {
        "title": "Rise Up",
        "import_date": "2021-04-17T15:53:22.178Z",
        "bpm": 140,
        "artist": 1,
        "album": 1,
        "key": "1m",
        "date_released": "2014-01-01",
        "user": [
            "demo"
        ],
        "genre": null
    }
},
{
    "model": "music.musictrack",
    "pk": 6,
    "fields": {
        "title": "Super Sheriff",
        "import_date": "2021-04-17T15:53:22.233Z",
        "bpm": 152,
        "artist": 1,
        "album": 1,
        "key": "1m",
        "date_released": "2014-01-01",
        "user": [
            "demo"
        ],
        "genre": null
    }
},
{
    "model": "music.musictrack",
    "pk": 7,
    "fields": {
        "title": "Man of the Law",
        "import_date": "2021-04-17T15:53:22.287Z",
        "bpm": 135,
        "artist": 1,
        "album": 1,
        "key": "12m",
        "date_released": "2014-01-01",
        "user": [
            "demo"
        ],
        "genre": null
    }
},
{
    "model": "music.musictrack",
    "pk": 8,
    "fields": {
        "title": "Sword of Destiny",
        "import_date": "2021-04-17T15:53:22.342Z",
        "bpm": 89,
        "artist": 1,
        "album": 1,
        "key": "1m",
        "date_released": "2014-01-01",
        "user": [
            "demo"
        ],
        "genre": null
    }
},
{
    "model": "music.musictrack",
    "pk": 9,
    "fields": {
        "title": "πρῶτος - Teaser",
        "import_date": "2021-04-17T15:53:22.423Z",
        "bpm": 118,
        "artist": 1,
        "album": 1,
        "key": "12m",
        "date_released": "2014-01-01",
        "user": [
            "demo"
        ],
        "genre": null
    }
},
{
    "model": "music.musictrack",
    "pk": 10,
    "fields": {
        "title": "Rider In Red",
        "import_date": "2021-04-17T15:53:22.483Z",
        "bpm": 140,
        "artist": 1,
        "album": 1,
        "key": "2m",
        "date_released": "2014-01-01",
        "user": [
            "demo"
        ],
        "genre": null
    }
},
{
    "model": "music.musictrack",
    "pk": 11,
    "fields": {
        "title": "Spaceship",
        "import_date": "2021-04-17T15:53:22.541Z",
        "bpm": 121,
        "artist": 1,
        "album": 1,
        "key": "10m",
        "date_released": "2014-01-01",
        "user": [
            "demo"
        ],
        "genre": null
    }
},
{
    "model": "music.musictrack",
    "pk": 12,
    "fields": {
        "title": "Prototype",
        "import_date": "2021-04-17T15:53:22.599Z",
        "bpm": 107,
        "artist": 1,
        "album": 1,
        "key": "2m",
        "date_released": "2014-01-01",
        "user": [
            "demo"
        ],
        "genre": null
    }
},
{
    "model": "music.musictrack",
    "pk": 13,
    "fields": {
        "title": "Beautiful World",
        "import_date": "2021-04-17T15:53:22.652Z",
        "bpm": 128,
        "artist": 1,
        "album": 1,
        "key": "9m",
        "date_released": "2014-01-01",
        "user": [
            "demo"
        ],
        "genre": null
    }
},
{
    "model": "music.musictrack",
    "pk": 14,
    "fields": {
        "title": "Cry For Love",
        "import_date": "2021-04-17T15:53:22.703Z",
        "bpm": 121,
        "artist": 1,
        "album": 1,
        "key": "12m",
        "date_released": "2014-01-01",
        "user": [
            "demo"
        ],
        "genre": null
    }
},
{
    "model": "music.musictrack",
    "pk": 15,
    "fields": {
        "title": "Samurai",
        "import_date": "2021-04-17T15:53:22.761Z",
        "bpm": 80,
        "artist": 1,
        "album": 1,
        "key": "7m",
        "date_released": "2014-01-01",
        "user": [
            "demo"
        ],
        "genre": null
    }
},
{
    "model": "music.musictrack",
    "pk": 16,
    "fields": {
        "title": "Aquarius",
        "import_date": "2021-04-17T15:53:22.815Z",
        "bpm": 88,
        "artist": 1,
        "album": 1,
        "key": "12m",
        "date_released": "2014-01-01",
        "user": [
            "demo"
        ],
        "genre": null
    }
},
{
    "model": "music.musictrack",
    "pk": 17,
    "fields": {
        "title": "Spaceheart",
        "import_date": "2021-04-17T15:53:22.868Z",
        "bpm": 117,
        "artist": 1,
        "album": 1,
        "key": "10d",
        "date_released": "2014-01-01",
        "user": [
            "demo"
        ],
        "genre": null
    }
},
{
    "model": "music.musictrack",
    "pk": 18,
    "fields": {
        "title": "Fakers",
        "import_date": "2021-04-17T15:53:22.918Z",
        "bpm": 123,
        "artist": 1,
        "album": 1,
        "key": "1m",
        "date_released": "2014-01-01",
        "user": [
            "demo"
        ],
        "genre": null
    }
},
{
    "model": "music.musictrack",
    "pk": 19,
    "fields": {
        "title": "Hit The Top",
        "import_date": "2021-04-17T15:53:22.966Z",
        "bpm": 147,
        "artist": 1,
        "album": 1,
        "key": "10m",
        "date_released": "2014-01-01",
        "user": [
            "demo"
        ],
        "genre": null
    }
},
{
    "model": "music.musictrack",
    "pk": 20,
    "fields": {
        "title": "Gone (feat. Sophie Tith)",
        "import_date": "2021-04-17T15:53:25.517Z",
        "bpm": 140,
        "artist": 2,
        "album": 2,
        "key": "9m",
        "date_released": "2017-01-01",
        "user": [
            "demo"
        ],
        "genre": null
    }
},
{
    "model": "music.musictrack",
    "pk": 21,
    "fields": {
        "title": "земной",
        "import_date": "2021-04-17T15:53:25.570Z",
        "bpm": 86,
        "artist": 2,
        "album": 2,
        "key": "12m",
        "date_released": "2017-01-01",
        "user": [
            "demo"
        ],
        "genre": null
    }
},
{
    "model": "music.musictrack",
    "pk": 22,
    "fields": {
        "title": "Automatic",
        "import_date": "2021-04-17T15:53:25.625Z",
        "bpm": 120,
        "artist": 2,
        "album": 2,
        "key": "9m",
        "date_released": "2017-01-01",
        "user": [
            "demo"
        ],
        "genre": null
    }
},
{
    "model": "music.musictrack",
    "pk": 23,
    "fields": {
        "title": "Yellow Ferrari (feat. Mystery Skulls)",
        "import_date": "2021-04-17T15:53:25.679Z",
        "bpm": 85,
        "artist": 2,
        "album": 2,
        "key": "12m",
        "date_released": "2017-01-01",
        "user": [
            "demo"
        ],
        "genre": null
    }
},
{
    "model": "music.musictrack",
    "pk": 24,
    "fields": {
        "title": "Set Me Free",
        "import_date": "2021-04-17T15:53:25.730Z",
        "bpm": 140,
        "artist": 2,
        "album": 2,
        "key": "9m",
        "date_released": "2017-01-01",
        "user": [
            "demo"
        ],
        "genre": null
    }
},
{
    "model": "music.musictrack",
    "pk": 25,
    "fields": {
        "title": "Spaced",
        "import_date": "2021-04-17T15:53:25.786Z",
        "bpm": 80,
        "artist": 2,
        "album": 2,
        "key": "1m",
        "date_released": "2017-01-01",
        "user": [
            "demo"
        ],
        "genre": null
    }
},
{
    "model": "music.musictrack",
    "pk": 26,
    "fields": {
        "title": "Something",
        "import_date": "2021-04-17T15:53:25.842Z",
        "bpm": 103,
        "artist": 2,
        "album": 2,
        "key": "9m",
        "date_released": "2017-01-01",
        "user": [
            "demo"
        ],
        "genre": null
    }
},
{
    "model": "music.musictrack",
    "pk": 27,
    "fields": {
        "title": "Cult",
        "import_date": "2021-04-17T15:53:25.901Z",
        "bpm": 108,
        "artist": 2,
        "album": 2,
        "key": "9m",
        "date_released": "2017-01-01",
        "user": [
            "demo"
        ],
        "genre": null
    }
},
{
    "model": "music.musictrack",
    "pk": 28,
    "fields": {
        "title": "Life",
        "import_date": "2021-04-17T15:53:33.719Z",
        "bpm": 135,
        "artist": 3,
        "album": 3,
        "key": "5m",
        "date_released": "2018-01-01",
        "user": [
            "demo"
        ],
        "genre": "Dub"
    }
},
{
    "model": "music.musictrack",
    "pk": 29,
    "fields": {
        "title": "3 Rounds",
        "import_date": "2021-04-17T15:53:33.775Z",
        "bpm": 130,
        "artist": 3,
        "album": 3,
        "key": "6m",
        "date_released": "2018-01-01",
        "user": [
            "demo"
        ],
        "genre": "Dub"
    }
},
{
    "model": "music.musictrack",
    "pk": 30,
    "fields": {
        "title": "Breaktrough (ft. Towst)",
        "import_date": "2021-04-17T15:53:33.828Z",
        "bpm": 140,
        "artist": 3,
        "album": 3,
        "key": "2m",
        "date_released": "2018-01-01",
        "user": [
            "demo"
        ],
        "genre": "Dub"
    }
},
{
    "model": "music.musictrack",
    "pk": 31,
    "fields": {
        "title": "Industrial",
        "import_date": "2021-04-17T15:53:33.874Z",
        "bpm": 130,
        "artist": 3,
        "album": 3,
        "key": "9m",
        "date_released": "2018-01-01",
        "user": [
            "demo"
        ],
        "genre": "Dub"
    }
},
{
    "model": "music.musictrack",
    "pk": 32,
    "fields": {
        "title": "Bad Flower",
        "import_date": "2021-04-17T15:53:33.931Z",
        "bpm": 145,
        "artist": 3,
        "album": 3,
        "key": "2m",
        "date_released": "2018-01-01",
        "user": [
            "demo"
        ],
        "genre": "Dub"
    }
},
{
    "model": "music.musictrack",
    "pk": 33,
    "fields": {
        "title": "Hard Fragility",
        "import_date": "2021-04-17T15:53:33.987Z",
        "bpm": 140,
        "artist": 3,
        "album": 3,
        "key": "3m",
        "date_released": "2018-01-01",
        "user": [
            "demo"
        ],
        "genre": "Dub"
    }
},
{
    "model": "music.musictrack",
    "pk": 34,
    "fields": {
        "title": "Fusée",
        "import_date": "2021-04-17T15:53:34.042Z",
        "bpm": 143,
        "artist": 3,
        "album": 3,
        "key": "11m",
        "date_released": "2018-01-01",
        "user": [
            "demo"
        ],
        "genre": "Dub"
    }
},
{
    "model": "music.musictrack",
    "pk": 35,
    "fields": {
        "title": "Reloveolution (ft. Zaira Zen)",
        "import_date": "2021-04-17T15:53:34.096Z",
        "bpm": 152,
        "artist": 3,
        "album": 3,
        "key": "1m",
        "date_released": "2018-01-01",
        "user": [
            "demo"
        ],
        "genre": "Dub"
    }
},
{
    "model": "music.musictrack",
    "pk": 36,
    "fields": {
        "title": "Panda",
        "import_date": "2021-04-17T15:53:34.147Z",
        "bpm": 130,
        "artist": 3,
        "album": 3,
        "key": "4m",
        "date_released": "2018-01-01",
        "user": [
            "demo"
        ],
        "genre": "Dub"
    }
},
{
    "model": "music.musictrack",
    "pk": 37,
    "fields": {
        "title": "Journey of King",
        "import_date": "2021-04-17T15:53:34.201Z",
        "bpm": 130,
        "artist": 3,
        "album": 3,
        "key": "5d",
        "date_released": "2018-01-01",
        "user": [
            "demo"
        ],
        "genre": "Dub"
    }
},
{
    "model": "music.musictrack",
    "pk": 38,
    "fields": {
        "title": "Mayd Hubb meets Joe Pilgrim - Tribute to Yabby You - Panda meets Jamma Dim REMIX",
        "import_date": "2021-04-17T15:53:34.275Z",
        "bpm": 145,
        "artist": 4,
        "album": 4,
        "key": "3m",
        "date_released": "2015-01-01",
        "user": [
            "demo"
        ],
        "genre": null
    }
},
{
    "model": "music.musictrack",
    "pk": 39,
    "fields": {
        "title": "Lost Reality",
        "import_date": "2021-04-17T15:53:34.329Z",
        "bpm": 140,
        "artist": 4,
        "album": 4,
        "key": "10m",
        "date_released": "2015-01-01",
        "user": [
            "demo"
        ],
        "genre": null
    }
},
{
    "model": "music.musictrack",
    "pk": 40,
    "fields": {
        "title": "Feeling Alive",
        "import_date": "2021-04-17T15:53:34.382Z",
        "bpm": 140,
        "artist": 4,
        "album": 4,
        "key": "10m",
        "date_released": "2015-01-01",
        "user": [
            "demo"
        ],
        "genre": null
    }
},
{
    "model": "music.musictrack",
    "pk": 41,
    "fields": {
        "title": "Hate",
        "import_date": "2021-04-17T15:53:34.436Z",
        "bpm": 133,
        "artist": 4,
        "album": 4,
        "key": "11d",
        "date_released": "2015-01-01",
        "user": [
            "demo"
        ],
        "genre": null
    }
},
{
    "model": "music.musictrack",
    "pk": 42,
    "fields": {
        "title": "Die Brücke",
        "import_date": "2021-04-17T15:53:34.509Z",
        "bpm": 131,
        "artist": 4,
        "album": 4,
        "key": "12m",
        "date_released": "2015-01-01",
        "user": [
            "demo"
        ],
        "genre": null
    }
},
{
    "model": "music.musictrack",
    "pk": 43,
    "fields": {
        "title": "Planet Pillow",
        "import_date": "2021-04-17T15:53:34.565Z",
        "bpm": 133,
        "artist": 4,
        "album": 4,
        "key": "10m",
        "date_released": "2015-01-01",
        "user": [
            "demo"
        ],
        "genre": null
    }
},
{
    "model": "music.musictrack",
    "pk": 44,
    "fields": {
        "title": "Purple Trip",
        "import_date": "2021-04-17T15:53:34.620Z",
        "bpm": 144,
        "artist": 4,
        "album": 4,
        "key": "10m",
        "date_released": "2015-01-01",
        "user": [
            "demo"
        ],
        "genre": null
    }
},
{
    "model": "music.musictrack",
    "pk": 45,
    "fields": {
        "title": "Danse Macabre",
        "import_date": "2021-04-17T15:53:34.677Z",
        "bpm": 130,
        "artist": 4,
        "album": 4,
        "key": "2m",
        "date_released": "2015-01-01",
        "user": [
            "demo"
        ],
        "genre": null
    }
},
{
    "model": "music.musictrack",
    "pk": 46,
    "fields": {
        "title": "Milky Way",
        "import_date": "2021-04-17T15:53:34.730Z",
        "bpm": 145,
        "artist": 4,
        "album": 4,
        "key": "4m",
        "date_released": "2015-01-01",
        "user": [
            "demo"
        ],
        "genre": null
    }
},
{
    "model": "music.musictrack",
    "pk": 47,
    "fields": {
        "title": "Unknown Attack",
        "import_date": "2021-04-17T15:53:34.787Z",
        "bpm": 156,
        "artist": 4,
        "album": 4,
        "key": "9m",
        "date_released": "2015-01-01",
        "user": [
            "demo"
        ],
        "genre": null
    }
},
{
    "model": "music.musictrack",
    "pk": 48,
    "fields": {
        "title": "Blah! Featuring Youthstar, Taiwan MC, Illaman",
        "import_date": "2021-04-17T15:53:34.865Z",
        "bpm": 156,
        "artist": 5,
        "album": 5,
        "key": "1m",
        "date_released": "2017-01-01",
        "user": [
            "demo"
        ],
        "genre": "Trip Hop"
    }
},
{
    "model": "music.musictrack",
    "pk": 49,
    "fields": {
        "title": "Step Back",
        "import_date": "2021-04-17T15:53:34.948Z",
        "bpm": 140,
        "artist": 6,
        "album": 5,
        "key": "1m",
        "date_released": "2017-01-01",
        "user": [
            "demo"
        ],
        "genre": "Trip Hop"
    }
},
{
    "model": "music.musictrack",
    "pk": 50,
    "fields": {
        "title": "Modern Slave",
        "import_date": "2021-04-17T15:53:35.026Z",
        "bpm": 94,
        "artist": 7,
        "album": 5,
        "key": "12m",
        "date_released": "2017-01-01",
        "user": [
            "demo"
        ],
        "genre": "Trip Hop"
    }
},
{
    "model": "music.musictrack",
    "pk": 51,
    "fields": {
        "title": "L'aurore",
        "import_date": "2021-04-17T15:53:35.085Z",
        "bpm": 85,
        "artist": 6,
        "album": 5,
        "key": "1m",
        "date_released": "2017-01-01",
        "user": [
            "demo"
        ],
        "genre": "Trip Hop"
    }
},
{
    "model": "music.musictrack",
    "pk": 52,
    "fields": {
        "title": "Maläd",
        "import_date": "2021-04-17T15:53:35.137Z",
        "bpm": 128,
        "artist": 6,
        "album": 5,
        "key": "12m",
        "date_released": "2017-01-01",
        "user": [
            "demo"
        ],
        "genre": "Trip Hop"
    }
},
{
    "model": "music.musictrack",
    "pk": 53,
    "fields": {
        "title": "Anvoyé",
        "import_date": "2021-04-17T15:53:35.185Z",
        "bpm": 86,
        "artist": 6,
        "album": 5,
        "key": "9m",
        "date_released": "2017-01-01",
        "user": [
            "demo"
        ],
        "genre": "Trip Hop"
    }
},
{
    "model": "music.musictrack",
    "pk": 54,
    "fields": {
        "title": "The New Crown",
        "import_date": "2021-04-17T15:53:35.263Z",
        "bpm": 80,
        "artist": 8,
        "album": 5,
        "key": "1m",
        "date_released": "2017-01-01",
        "user": [
            "demo"
        ],
        "genre": "Trip Hop"
    }
},
{
    "model": "music.musictrack",
    "pk": 55,
    "fields": {
        "title": "Wolf",
        "import_date": "2021-04-17T15:53:35.311Z",
        "bpm": 84,
        "artist": 6,
        "album": 5,
        "key": "2m",
        "date_released": "2017-01-01",
        "user": [
            "demo"
        ],
        "genre": "Trip Hop"
    }
},
{
    "model": "music.musictrack",
    "pk": 56,
    "fields": {
        "title": "Liar",
        "import_date": "2021-04-17T15:53:35.391Z",
        "bpm": 158,
        "artist": 9,
        "album": 5,
        "key": "1m",
        "date_released": "2017-01-01",
        "user": [
            "demo"
        ],
        "genre": "Trip Hop"
    }
},
{
    "model": "music.musictrack",
    "pk": 57,
    "fields": {
        "title": "Warriors",
        "import_date": "2021-04-17T15:53:35.449Z",
        "bpm": 144,
        "artist": 6,
        "album": 5,
        "key": "12m",
        "date_released": "2017-01-01",
        "user": [
            "demo"
        ],
        "genre": "Trip Hop"
    }
},
{
    "model": "music.musictrack",
    "pk": 58,
    "fields": {
        "title": "Goodnight",
        "import_date": "2021-04-17T15:53:35.499Z",
        "bpm": 136,
        "artist": 6,
        "album": 5,
        "key": "1m",
        "date_released": "2017-01-01",
        "user": [
            "demo"
        ],
        "genre": "Trip Hop"
    }
},
{
    "model": "music.musictrack",
    "pk": 59,
    "fields": {
        "title": "Shikantaza",
        "import_date": "2021-04-17T15:53:35.553Z",
        "bpm": 144,
        "artist": 6,
        "album": 5,
        "key": "1m",
        "date_released": "2017-01-01",
        "user": [
            "demo"
        ],
        "genre": "Trip Hop"
    }
},
{
    "model": "music.musictrack",
    "pk": 60,
    "fields": {
        "title": "Escape",
        "import_date": "2021-04-17T15:53:35.607Z",
        "bpm": 107,
        "artist": 6,
        "album": 5,
        "key": "2m",
        "date_released": "2017-01-01",
        "user": [
            "demo"
        ],
        "genre": "Trip Hop"
    }
},
{
    "model": "music.musictrack",
    "pk": 61,
    "fields": {
        "title": "What You Need",
        "import_date": "2021-04-17T15:53:35.680Z",
        "bpm": 86,
        "artist": 10,
        "album": 5,
        "key": "3d",
        "date_released": "2017-01-01",
        "user": [
            "demo"
        ],
        "genre": "Trip Hop"
    }
},
{
    "model": "music.musictrack",
    "pk": 62,
    "fields": {
        "title": "Golden Age",
        "import_date": "2021-04-17T15:53:35.732Z",
        "bpm": 144,
        "artist": 6,
        "album": 5,
        "key": "7m",
        "date_released": "2017-01-01",
        "user": [
            "demo"
        ],
        "genre": "Trip Hop"
    }
},
{
    "model": "music.musictrack",
    "pk": 63,
    "fields": {
        "title": "Stone Cold",
        "import_date": "2021-04-17T15:53:35.805Z",
        "bpm": 93,
        "artist": 11,
        "album": 5,
        "key": "10m",
        "date_released": "2017-01-01",
        "user": [
            "demo"
        ],
        "genre": "Trip Hop"
    }
},
{
    "model": "music.musictrack",
    "pk": 64,
    "fields": {
        "title": "... de monsieur JACK",
        "import_date": "2021-04-17T15:53:35.882Z",
        "bpm": 127,
        "artist": 12,
        "album": 6,
        "key": "4m",
        "date_released": "2014-01-01",
        "user": [
            "demo"
        ],
        "genre": null
    }
},
{
    "model": "music.musictrack",
    "pk": 65,
    "fields": {
        "title": "Inna di red",
        "import_date": "2021-04-17T15:53:35.932Z",
        "bpm": 142,
        "artist": 12,
        "album": 6,
        "key": "1m",
        "date_released": "2014-01-01",
        "user": [
            "demo"
        ],
        "genre": null
    }
},
{
    "model": "music.musictrack",
    "pk": 66,
    "fields": {
        "title": "Bigvoods - Fabasstone (Dub Invaders) remix",
        "import_date": "2021-04-17T15:53:35.985Z",
        "bpm": 120,
        "artist": 12,
        "album": 6,
        "key": "3m",
        "date_released": "2014-01-01",
        "user": [
            "demo"
        ],
        "genre": null
    }
},
{
    "model": "music.musictrack",
    "pk": 67,
    "fields": {
        "title": "L'étrange skank...",
        "import_date": "2021-04-17T15:53:36.039Z",
        "bpm": 120,
        "artist": 12,
        "album": 6,
        "key": "9m",
        "date_released": "2014-01-01",
        "user": [
            "demo"
        ],
        "genre": null
    }
},
{
    "model": "music.musictrack",
    "pk": 68,
    "fields": {
        "title": "Trickin upon di track - Panda Dub remix",
        "import_date": "2021-04-17T15:53:36.091Z",
        "bpm": 140,
        "artist": 12,
        "album": 6,
        "key": "2m",
        "date_released": "2014-01-01",
        "user": [
            "demo"
        ],
        "genre": null
    }
},
{
    "model": "music.musictrack",
    "pk": 69,
    "fields": {
        "title": "Deep in your",
        "import_date": "2021-04-17T15:53:36.143Z",
        "bpm": 146,
        "artist": 12,
        "album": 6,
        "key": "9m",
        "date_released": "2014-01-01",
        "user": [
            "demo"
        ],
        "genre": null
    }
},
{
    "model": "music.musictrack",
    "pk": 70,
    "fields": {
        "title": "Skankin cat - Gary Wide remix",
        "import_date": "2021-04-17T15:53:36.194Z",
        "bpm": 142,
        "artist": 12,
        "album": 6,
        "key": "10m",
        "date_released": "2014-01-01",
        "user": [
            "demo"
        ],
        "genre": null
    }
},
{
    "model": "music.musictrack",
    "pk": 71,
    "fields": {
        "title": "Trouble of the world",
        "import_date": "2021-04-17T15:53:36.245Z",
        "bpm": 109,
        "artist": 12,
        "album": 6,
        "key": "11m",
        "date_released": "2014-01-01",
        "user": [
            "demo"
        ],
        "genre": null
    }
},
{
    "model": "music.musictrack",
    "pk": 72,
    "fields": {
        "title": "The skankin' cat",
        "import_date": "2021-04-17T15:53:36.297Z",
        "bpm": 142,
        "artist": 12,
        "album": 6,
        "key": "10m",
        "date_released": "2014-01-01",
        "user": [
            "demo"
        ],
        "genre": null
    }
},
{
    "model": "music.musictrack",
    "pk": 73,
    "fields": {
        "title": "Don't say you have nerver been told feat Jolly Joseph",
        "import_date": "2021-04-17T15:53:36.354Z",
        "bpm": 120,
        "artist": 12,
        "album": 6,
        "key": "7m",
        "date_released": "2014-01-01",
        "user": [
            "demo"
        ],
        "genre": null
    }
},
{
    "model": "music.musictrack",
    "pk": 74,
    "fields": {
        "title": "Earth feat Art-X",
        "import_date": "2021-04-17T15:53:36.405Z",
        "bpm": 136,
        "artist": 12,
        "album": 6,
        "key": "8m",
        "date_released": "2014-01-01",
        "user": [
            "demo"
        ],
        "genre": null
    }
},
{
    "model": "music.musictrack",
    "pk": 75,
    "fields": {
        "title": "Sous les étoiles feat Flo",
        "import_date": "2021-04-17T15:53:36.461Z",
        "bpm": 85,
        "artist": 12,
        "album": 6,
        "key": "2m",
        "date_released": "2014-01-01",
        "user": [
            "demo"
        ],
        "genre": null
    }
},
{
    "model": "music.musictrack",
    "pk": 76,
    "fields": {
        "title": "Cerbère",
        "import_date": "2021-04-17T15:53:36.514Z",
        "bpm": 125,
        "artist": 12,
        "album": 6,
        "key": "1m",
        "date_released": "2014-01-01",
        "user": [
            "demo"
        ],
        "genre": null
    }
},
{
    "model": "music.musictrack",
    "pk": 77,
    "fields": {
        "title": "Bigvoods",
        "import_date": "2021-04-17T15:53:36.571Z",
        "bpm": 120,
        "artist": 12,
        "album": 6,
        "key": "3m",
        "date_released": "2014-01-01",
        "user": [
            "demo"
        ],
        "genre": null
    }
},
{
    "model": "music.musictrack",
    "pk": 78,
    "fields": {
        "title": "Trickin upon di track feat Simple Spelim",
        "import_date": "2021-04-17T15:53:36.626Z",
        "bpm": 140,
        "artist": 12,
        "album": 6,
        "key": "1m",
        "date_released": "2014-01-01",
        "user": [
            "demo"
        ],
        "genre": null
    }
},
{
    "model": "music.musictrack",
    "pk": 79,
    "fields": {
        "title": "Rough and tough",
        "import_date": "2021-04-17T15:53:36.681Z",
        "bpm": 140,
        "artist": 12,
        "album": 6,
        "key": "10m",
        "date_released": "2014-01-01",
        "user": [
            "demo"
        ],
        "genre": null
    }
},
{
    "model": "music.musictrack",
    "pk": 80,
    "fields": {
        "title": "Ghost Dub",
        "import_date": "2021-04-17T15:53:36.758Z",
        "bpm": 150,
        "artist": 13,
        "album": 7,
        "key": "1m",
        "date_released": "2014-01-01",
        "user": [
            "demo"
        ],
        "genre": null
    }
},
{
    "model": "music.musictrack",
    "pk": 81,
    "fields": {
        "title": "Steppa To Trance",
        "import_date": "2021-04-17T15:53:36.811Z",
        "bpm": 150,
        "artist": 13,
        "album": 7,
        "key": "3m",
        "date_released": "2014-01-01",
        "user": [
            "demo"
        ],
        "genre": null
    }
},
{
    "model": "music.musictrack",
    "pk": 82,
    "fields": {
        "title": "Tetra Hydro Booster",
        "import_date": "2021-04-17T15:53:36.864Z",
        "bpm": 137,
        "artist": 13,
        "album": 7,
        "key": "11m",
        "date_released": "2014-01-01",
        "user": [
            "demo"
        ],
        "genre": null
    }
},
{
    "model": "music.musictrack",
    "pk": 83,
    "fields": {
        "title": "Steppa Supra Dark",
        "import_date": "2021-04-17T15:53:36.922Z",
        "bpm": 140,
        "artist": 13,
        "album": 7,
        "key": "9m",
        "date_released": "2014-01-01",
        "user": [
            "demo"
        ],
        "genre": null
    }
},
{
    "model": "music.musictrack",
    "pk": 84,
    "fields": {
        "title": "I try feat Sama Renuka",
        "import_date": "2021-04-17T15:53:36.975Z",
        "bpm": 133,
        "artist": 13,
        "album": 8,
        "key": "6m",
        "date_released": "2016-01-01",
        "user": [
            "demo"
        ],
        "genre": "Other"
    }
},
{
    "model": "music.musictrack",
    "pk": 85,
    "fields": {
        "title": "Exode feat Panda Dub",
        "import_date": "2021-04-17T15:53:37.025Z",
        "bpm": 140,
        "artist": 13,
        "album": 8,
        "key": "1m",
        "date_released": "2016-01-01",
        "user": [
            "demo"
        ],
        "genre": "Other"
    }
},
{
    "model": "music.musictrack",
    "pk": 86,
    "fields": {
        "title": "Grand Hotel Sub Bass",
        "import_date": "2021-04-17T15:53:37.076Z",
        "bpm": 153,
        "artist": 13,
        "album": 8,
        "key": "9m",
        "date_released": "2016-01-01",
        "user": [
            "demo"
        ],
        "genre": "Other"
    }
},
{
    "model": "music.musictrack",
    "pk": 87,
    "fields": {
        "title": "Tetra Hydro Kamasutra",
        "import_date": "2021-04-17T15:53:37.124Z",
        "bpm": 140,
        "artist": 13,
        "album": 8,
        "key": "2m",
        "date_released": "2016-01-01",
        "user": [
            "demo"
        ],
        "genre": "Other"
    }
},
{
    "model": "music.musictrack",
    "pk": 88,
    "fields": {
        "title": "Karnage",
        "import_date": "2021-04-17T15:53:37.169Z",
        "bpm": 148,
        "artist": 13,
        "album": 8,
        "key": "9m",
        "date_released": "2016-01-01",
        "user": [
            "demo"
        ],
        "genre": "Other"
    }
},
{
    "model": "music.musictrack",
    "pk": 89,
    "fields": {
        "title": "Tetra Hydro khemistry",
        "import_date": "2021-04-17T15:53:37.217Z",
        "bpm": 140,
        "artist": 13,
        "album": 8,
        "key": "9m",
        "date_released": "2016-01-01",
        "user": [
            "demo"
        ],
        "genre": "Other"
    }
},
{
    "model": "music.musictrack",
    "pk": 90,
    "fields": {
        "title": "K'n Bass",
        "import_date": "2021-04-17T15:53:37.267Z",
        "bpm": 86,
        "artist": 13,
        "album": 8,
        "key": "4m",
        "date_released": "2016-01-01",
        "user": [
            "demo"
        ],
        "genre": "Other"
    }
},
{
    "model": "music.musictrack",
    "pk": 91,
    "fields": {
        "title": "B is the key feat Saadji",
        "import_date": "2021-04-17T15:53:37.320Z",
        "bpm": 148,
        "artist": 13,
        "album": 8,
        "key": "8m",
        "date_released": "2016-01-01",
        "user": [
            "demo"
        ],
        "genre": "Other"
    }
},
{
    "model": "music.musictrack",
    "pk": 92,
    "fields": {
        "title": "Playmobil knight",
        "import_date": "2021-04-17T15:53:37.374Z",
        "bpm": 140,
        "artist": 13,
        "album": 8,
        "key": "11m",
        "date_released": "2016-01-01",
        "user": [
            "demo"
        ],
        "genre": "Other"
    }
},
{
    "model": "music.musictrack",
    "pk": 93,
    "fields": {
        "title": "Nampoux",
        "import_date": "2021-04-17T15:53:37.424Z",
        "bpm": 87,
        "artist": 13,
        "album": 8,
        "key": "9m",
        "date_released": "2016-01-01",
        "user": [
            "demo"
        ],
        "genre": "Other"
    }
},
{
    "model": "music.musictrack",
    "pk": 94,
    "fields": {
        "title": "Broken",
        "import_date": "2021-04-17T15:53:41.028Z",
        "bpm": null,
        "artist": 14,
        "album": 9,
        "key": null,
        "date_released": "2010-01-01",
        "user": [
            "demo"
        ],
        "genre": null
    }
},
{
    "model": "music.musictrack",
    "pk": 95,
    "fields": {
        "title": "Plastic Beach",
        "import_date": "2021-04-17T15:53:41.084Z",
        "bpm": null,
        "artist": 14,
        "album": 9,
        "key": null,
        "date_released": "2010-01-01",
        "user": [
            "demo"
        ],
        "genre": null
    }
},
{
    "model": "music.musictrack",
    "pk": 96,
    "fields": {
        "title": "On Melancholy Hill",
        "import_date": "2021-04-17T15:53:41.135Z",
        "bpm": null,
        "artist": 14,
        "album": 9,
        "key": null,
        "date_released": "2010-01-01",
        "user": [
            "demo"
        ],
        "genre": null
    }
},
{
    "model": "music.musictrack",
    "pk": 97,
    "fields": {
        "title": "Some Kind Of Nature",
        "import_date": "2021-04-17T15:53:41.189Z",
        "bpm": null,
        "artist": 14,
        "album": 9,
        "key": null,
        "date_released": "2010-01-01",
        "user": [
            "demo"
        ],
        "genre": null
    }
},
{
    "model": "music.musictrack",
    "pk": 98,
    "fields": {
        "title": "Orchestral Intro",
        "import_date": "2021-04-17T15:53:41.245Z",
        "bpm": null,
        "artist": 14,
        "album": 9,
        "key": null,
        "date_released": "2010-01-01",
        "user": [
            "demo"
        ],
        "genre": null
    }
},
{
    "model": "music.musictrack",
    "pk": 99,
    "fields": {
        "title": "Welcome To The World Of The Plastic Beach",
        "import_date": "2021-04-17T15:53:41.303Z",
        "bpm": null,
        "artist": 14,
        "album": 9,
        "key": null,
        "date_released": "2010-01-01",
        "user": [
            "demo"
        ],
        "genre": null
    }
},
{
    "model": "music.musictrack",
    "pk": 100,
    "fields": {
        "title": "Stylo",
        "import_date": "2021-04-17T15:53:41.353Z",
        "bpm": null,
        "artist": 14,
        "album": 9,
        "key": null,
        "date_released": "2010-01-01",
        "user": [
            "demo"
        ],
        "genre": null
    }
},
{
    "model": "music.musictrack",
    "pk": 101,
    "fields": {
        "title": "To Binge",
        "import_date": "2021-04-17T15:53:41.397Z",
        "bpm": null,
        "artist": 14,
        "album": 9,
        "key": null,
        "date_released": "2010-01-01",
        "user": [
            "demo"
        ],
        "genre": null
    }
},
{
    "model": "music.musictrack",
    "pk": 102,
    "fields": {
        "title": "Rhinestone Eyes",
        "import_date": "2021-04-17T15:53:41.449Z",
        "bpm": null,
        "artist": 14,
        "album": 9,
        "key": null,
        "date_released": "2010-01-01",
        "user": [
            "demo"
        ],
        "genre": null
    }
},
{
    "model": "music.musictrack",
    "pk": 103,
    "fields": {
        "title": "Pirate Jet",
        "import_date": "2021-04-17T15:53:41.505Z",
        "bpm": null,
        "artist": 14,
        "album": 9,
        "key": null,
        "date_released": "2010-01-01",
        "user": [
            "demo"
        ],
        "genre": null
    }
},
{
    "model": "music.musictrack",
    "pk": 104,
    "fields": {
        "title": "Sweepstakes",
        "import_date": "2021-04-17T15:53:41.560Z",
        "bpm": null,
        "artist": 14,
        "album": 9,
        "key": null,
        "date_released": "2010-01-01",
        "user": [
            "demo"
        ],
        "genre": null
    }
},
{
    "model": "music.musictrack",
    "pk": 105,
    "fields": {
        "title": "Superfast Jellyfish",
        "import_date": "2021-04-17T15:53:41.614Z",
        "bpm": null,
        "artist": 14,
        "album": 9,
        "key": null,
        "date_released": "2010-01-01",
        "user": [
            "demo"
        ],
        "genre": null
    }
},
{
    "model": "music.musictrack",
    "pk": 106,
    "fields": {
        "title": "Cloud Of Unknowing",
        "import_date": "2021-04-17T15:53:41.667Z",
        "bpm": null,
        "artist": 14,
        "album": 9,
        "key": null,
        "date_released": "2010-01-01",
        "user": [
            "demo"
        ],
        "genre": null
    }
},
{
    "model": "music.musictrack",
    "pk": 107,
    "fields": {
        "title": "Three Hearts, Seven Seas, Twelve Moons",
        "import_date": "2021-04-17T15:53:41.716Z",
        "bpm": null,
        "artist": 14,
        "album": 9,
        "key": null,
        "date_released": "2010-01-01",
        "user": [
            "demo"
        ],
        "genre": null
    }
},
{
    "model": "music.musictrack",
    "pk": 108,
    "fields": {
        "title": "Pirate's Progress",
        "import_date": "2021-04-17T15:53:41.766Z",
        "bpm": null,
        "artist": 14,
        "album": 9,
        "key": null,
        "date_released": "2010-01-01",
        "user": [
            "demo"
        ],
        "genre": null
    }
},
{
    "model": "music.musictrack",
    "pk": 109,
    "fields": {
        "title": "Glitter Freeze",
        "import_date": "2021-04-17T15:53:41.818Z",
        "bpm": null,
        "artist": 14,
        "album": 9,
        "key": null,
        "date_released": "2010-01-01",
        "user": [
            "demo"
        ],
        "genre": null
    }
},
{
    "model": "music.musictrack",
    "pk": 110,
    "fields": {
        "title": "Empire Ants",
        "import_date": "2021-04-17T15:53:41.872Z",
        "bpm": null,
        "artist": 14,
        "album": 9,
        "key": null,
        "date_released": "2010-01-01",
        "user": [
            "demo"
        ],
        "genre": null
    }
},
{
    "model": "music.musictrack",
    "pk": 111,
    "fields": {
        "title": "White Flag",
        "import_date": "2021-04-17T15:53:41.927Z",
        "bpm": null,
        "artist": 14,
        "album": 9,
        "key": null,
        "date_released": "2010-01-01",
        "user": [
            "demo"
        ],
        "genre": null
    }
},
{
    "model": "music.album",
    "pk": 1,
    "fields": {
        "name": "πρῶτος (Protos)",
        "artist": null,
        "user": [
            "demo"
        ]
    }
},
{
    "model": "music.album",
    "pk": 2,
    "fields": {
        "name": "Globe Vol. 3",
        "artist": null,
        "user": [
            "demo"
        ]
    }
},
{
    "model": "music.album",
    "pk": 3,
    "fields": {
        "name": "Musical Spaceship",
        "artist": null,
        "user": [
            "demo"
        ]
    }
},
{
    "model": "music.album",
    "pk": 4,
    "fields": {
        "name": "The Lost Ship",
        "artist": null,
        "user": [
            "demo"
        ]
    }
},
{
    "model": "music.album",
    "pk": 5,
    "fields": {
        "name": "Shikantaza",
        "artist": null,
        "user": [
            "demo"
        ]
    }
},
{
    "model": "music.album",
    "pk": 6,
    "fields": {
        "name": "The skankin' cat",
        "artist": null,
        "user": [
            "demo"
        ]
    }
},
{
    "model": "music.album",
    "pk": 7,
    "fields": {
        "name": "Infusion De Delay",
        "artist": null,
        "user": [
            "demo"
        ]
    }
},
{
    "model": "music.album",
    "pk": 8,
    "fields": {
        "name": "Labotomie",
        "artist": null,
        "user": [
            "demo"
        ]
    }
},
{
    "model": "music.album",
    "pk": 9,
    "fields": {
        "name": "Plastic Beach",
        "artist": null,
        "user": [
            "demo"
        ]
    }
},
{
    "model": "music.artist",
    "pk": 1,
    "fields": {
        "name": "Savant",
        "user": [
            "demo"
        ]
    }
},
{
    "model": "music.artist",
    "pk": 2,
    "fields": {
        "name": "The Toxic Avenger",
        "user": [
            "demo"
        ]
    }
},
{
    "model": "music.artist",
    "pk": 3,
    "fields": {
        "name": "Bisou",
        "user": [
            "demo"
        ]
    }
},
{
    "model": "music.artist",
    "pk": 4,
    "fields": {
        "name": "Panda Dub",
        "user": [
            "demo"
        ]
    }
},
{
    "model": "music.artist",
    "pk": 5,
    "fields": {
        "name": "Chinese Man feat Youthstar, Taiwan MC & Illaman",
        "user": [
            "demo"
        ]
    }
},
{
    "model": "music.artist",
    "pk": 6,
    "fields": {
        "name": "Chinese Man",
        "user": [
            "demo"
        ]
    }
},
{
    "model": "music.artist",
    "pk": 7,
    "fields": {
        "name": "Chinese Man feat R.A. The Rugged Man",
        "user": [
            "demo"
        ]
    }
},
{
    "model": "music.artist",
    "pk": 8,
    "fields": {
        "name": "Chinese Man feat A-F-R-O, A.S.M. & Taiwan MC",
        "user": [
            "demo"
        ]
    }
},
{
    "model": "music.artist",
    "pk": 9,
    "fields": {
        "name": "Chinese Man feat Kendra Morris & Dillon Cooper",
        "user": [
            "demo"
        ]
    }
},
{
    "model": "music.artist",
    "pk": 10,
    "fields": {
        "name": "Chinese Man feat Vinnie Dewayne, Myke Bogan & Tre Redeau",
        "user": [
            "demo"
        ]
    }
},
{
    "model": "music.artist",
    "pk": 11,
    "fields": {
        "name": "Chinese Man feat Mariama",
        "user": [
            "demo"
        ]
    }
},
{
    "model": "music.artist",
    "pk": 12,
    "fields": {
        "name": "Mahom",
        "user": [
            "demo"
        ]
    }
},
{
    "model": "music.artist",
    "pk": 13,
    "fields": {
        "name": "Tetra Hydro K",
        "user": [
            "demo"
        ]
    }
},
{
    "model": "music.artist",
    "pk": 14,
    "fields": {
        "name": "Gorillaz",
        "user": [
            "demo"
        ]
    }
}
]
